night of the hunted stars french porn star brigitte lahaie in fact , many of the cast members in this slow moving production were porn actors at the time of its frantic filming this film is certainly different than rollin 's usual lesbian vampire flicks , but it 's not as memorable as for example lips of blood or fascination lahaie plays an amnesiac hitchhiker who ca n't remember who she is or where she came from most of the film takes place in a modern apartment complex , where lahaie is being held by some kind of medical group that 's treating a number of people with a similar condition anyway , she escapes from the monolithic office tower where the affected people are held on a highway outside of town , she meets a young man , who stops and picks her up night of the hunted offers plenty of nudity , unfortunately the pace is extremely slow the atmosphere is horribly sad and the relationship between brigitte lahaie and another asylum inmate dominique journet is well developed still night of the hunted is too dull to be completely enjoyable give it a look only if you are a fan of jean rollin 's works 7 out of 10 and that 's being kind;score pos:;-2.4624476;score neg: ;0.44494453;actual class:;pos
Words:;night;of;the;hunted;stars;french;porn;star;brigitte;lahaie;in;fact;,;many;of;the;cast;members;in;this;slow;moving;production;were;porn;actors;at;the;time;of;its;frantic;filming;this;film;is;certainly;different;than;rollin;'s;usual;lesbian;vampire;flicks;,;but;it;'s;not;as;memorable;as;for;example;lips;of;blood;or;fascination;lahaie;plays;an;amnesiac;hitchhiker;who;ca;n't;remember;who;she;is;or;where;she;came;from;most;of;the;film;takes;place;in;a;modern;apartment;complex;,;where;lahaie;is;being;held;by;some;kind;of;medical;group;that;'s;treating;a;number;of;people;with;a;similar;condition;anyway;,;she;escapes;from;the;monolithic;office;tower;where;the;affected;people;are;held;on;a;highway;outside;of;town;,;she;meets;a;young;man;,;who;stops;and;picks;her;up;night;of;the;hunted;offers;plenty;of;nudity;,;unfortunately;the;pace;is;extremely;slow;the;atmosphere;is;horribly;sad;and;the;relationship;between;brigitte;lahaie;and;another;asylum;inmate;dominique;journet;is;well;developed;still;night;of;the;hunted;is;too;dull;to;be;completely;enjoyable;give;it;a;look;only;if;you;are;a;fan;of;jean;rollin;'s;works;7;out;of;10;and;that;'s;being;kind;;;;;;;;;;;;;;;;;;;;;;;;;;;;;;;;;;;;;;;;;;;;;;;;;;;;;;;;;;;;;;;;;;;;;;;;;;;;;;;;;;;;;;;;;;;;;;;;;;;;;;;;;;;;;;;;;;;;;;;;;;;;;;;;;;;;;;;;;;;;;;;;;;;;;;;;;;;;;;;;;;;;;;;;;;;;;;;;;;;;;;;;;;;;;;;;;;;;;;;;;;;;;;;;;;;;;;;;;;;;;;;;;;;;;;;;;;;;;;;;;;;;;;;;;;;;;;;;;;;;;;;;;;;;;;;;;;;;;;;;;;;;;;;;;;;;;;;
pos:;0.0;0.0;0.0;0.28336672837219573;0.5992361972776565;0.679799526100657;-0.7552522236482399;0.054020705749226565;0.0;0.0;0.0;0.0;0.0;0.0;0.0;0.0;0.0;0.0;-0.03760567487738688;-0.22377679572808937;-0.4210058644493942;-0.2594628261142984;-0.0948834446226286;-0.2877056296696813;-1.2913359033967418;-0.6681197415293102;0.034736103239123545;0.11816359213977248;0.0579969787399592;0.0;0.1523184748448225;0.31385296531952683;0.0;0.0;0.0;0.18486627882313586;0.3656230561897676;0.8176447496819027;-0.4243351626599375;-0.46471153829787126;0.0;-0.7901169092603333;-1.8556908291713217;-4.0249677038954434;-0.30391976085869626;0.0;-0.03345017125403883;0.0;0.0;0.0;0.0;0.21639522171674774;0.011962936489670242;-0.10061118406724548;-0.23070764812121147;-0.2546012302100475;0.0;-0.07727166470457451;0.012785884365567338;0.44323086283788754;0.0;0.20243425779991195;0.07892330149412781;0.2106418081251553;-0.9563253576898819;0.181754620614345;0.6449461300511055;0.4478377386264049;0.4689174454683856;0.1360425139841544;0.13874234351939135;0.08418579695667333;0.0;0.0;0.0;0.0;0.0;0.0;0.0;0.03228175243916466;-0.05323764440092235;0.3050456063316241;-0.488066869534544;0.1310544950547294;0.0;0.7515342593211913;1.1107445922569603;0.2950862580058751;0.0;0.0;0.0;0.0;0.0;0.0;0.0;0.0;0.0;0.0;0.00447853526371706;0.09144574891892873;0.10889640739693991;0.0;0.0;0.0;0.0;0.0;0.0;0.0;0.0;0.0;0.0;0.0;0.0;0.0497232878182928;0.23692037687269613;-0.09722650276686091;-0.01086264688197238;-0.39662121079577906;-0.1505438537058354;-0.18356276579626338;0.0;0.0;0.0;0.0;0.0;0.0;0.0;0.0;0.0;0.0;0.0;-0.043569975862637465;0.0;-0.15873491117759;0.3013867839167089;0.0;0.0;0.0;0.0;0.0;0.0;0.0;0.0;0.0;0.007423874953783138;-0.008898431205541433;0.0;0.031314298806547666;0.07386275532261893;-0.04872566416716132;-0.07558284893358082;0.0;-1.084465062199993;0.0;0.05118221418748553;0.13767291185836153;-0.8054473634362475;0.9884647840574844;-2.374977383018806;-4.135635292003203;0.45684202587347633;1.8089800498029485;-0.3575731747539651;-1.7057594943282937;-0.21021500399560017;0.0;0.10213355171961319;0.7706162681935677;-0.013588745520706647;0.0;0.0;0.0;-0.558093397757397;-0.8188643901597361;0.06385690765679836;0.0;0.0;0.1294275865682388;0.24992870607681153;0.21307105087153227;0.19416521176519114;0.0;0.0;0.03062664023302754;0.27100925778496643;-0.20195992387490036;-0.2518005818648574;-2.0840954249776327;0.0;-0.2543550171915728;1.1869262578071587;2.819053923013384;0.1448283016184777;0.2249411458033887;0.0;0.0;0.0;0.0;0.0;0.0;0.0;0.0;0.0;0.4008709111150066;0.3798443652249924;0.0;-0.03653187737950673;0.16974905416846953;0.0;0.0;0.0;0.0;0.0;0.0;0.0;0.0;0.0;0.0;0.0;0.0;0.0;0.0;0.0;0.0;0.0;0.0;0.0;0.0;0.0;0.0;0.0;0.0;0.0;0.0;0.0;0.0;0.0;0.0;0.0;0.0;0.0;0.0;0.0;0.0;0.0;0.0;0.0;0.0;0.0;0.0;0.0;0.0;0.0;0.0;0.0;0.0;0.0;0.0;0.0;0.0;0.0;0.0;0.0;0.0;0.0;0.0;0.0;0.0;0.0;0.0;0.0;0.0;0.0;0.0;0.0;0.0;0.0;0.0;0.0;0.0;0.0;0.0;0.0;0.0;0.0;0.0;0.0;0.0;0.0;0.0;0.0;0.0;0.0;0.0;0.0;0.0;0.0;0.0;0.0;0.0
neg:;0.0;0.0;0.0;-0.02534308586333459;-0.05359307526068703;0.1597087274998844;0.5762767929705598;0.31807940722200995;0.0;0.0;0.0;0.0;0.0;0.0;0.0;0.0;0.0;0.0;0.07172247234915935;0.10988170124656294;0.1316553929722945;0.060094280156217664;0.11812374777964824;0.16060846793388955;0.6453334951315082;0.2825318177926044;-0.02020286387498895;-0.1621941969779124;-0.07960805205334086;0.0;-0.2090760128816437;-0.43080215113063713;0.0;0.0;0.0;-0.1484568503361613;-0.20255863367792587;-0.4192641672457861;0.17075635746090534;0.3586461947721791;0.0;0.608170510343569;1.246232894330071;2.2170399386642248;0.05328761950829934;0.0;0.0345575303417221;0.0;0.0;0.0;0.0;-3.077908842598105;-0.26946104154883815;-0.06047491764288746;-0.03825210450838713;0.262862354870357;0.0;0.2883616006160846;-0.047714231277961594;0.010731242939740555;0.0;0.6718053404397704;0.3032610533951178;-0.2397222372925617;1.9185275009338687;-0.1040592763651386;-0.044778241483920476;0.17534048310225406;-0.8526621511156662;-0.19516026315136928;-0.21571083654988937;-0.09713148788941832;0.0;0.0;0.0;0.0;0.0;0.0;0.0;-0.005016784512935409;0.00827346007435714;-0.04166064718887712;0.07672199320556872;-0.020198086024825382;0.0;-0.5880343724147062;-0.7981125809226487;-0.3616169057342176;0.0;0.0;0.0;0.0;0.0;0.0;0.0;0.0;0.0;0.0;-0.0026599841909165185;-0.0543133484783565;-0.06467800409436855;0.0;0.0;0.0;0.0;0.0;0.0;0.0;0.0;0.0;0.0;0.0;0.0;-0.11500226605830614;-0.9202243585088963;-0.3527511077475733;-0.20978554674331534;-0.07080387695565257;-0.03329660621092155;0.2074104769958162;0.0;0.0;0.0;0.0;0.0;0.0;0.0;0.0;0.0;0.0;0.0;-0.25251541113205045;0.0;-0.8258451974837129;-1.1927215308486194;0.0;0.0;0.0;0.0;0.0;0.0;0.0;0.0;0.0;-0.07372632906268678;0.08837011281650325;0.0;0.03054117413157382;-0.8130910884116308;-0.027552013085022014;-0.39947443871026256;0.0;-1.3525979457429338;0.0;-0.46345306004610365;0.0019271356141702977;-0.5783371723402301;0.25698959561013796;2.0788463692217163;3.089961155061955;0.2687262303391333;-2.458019458622647;0.9655670739202729;2.560253081656871;0.5415863462115571;0.0;-0.13594936696348867;-0.9358896174345183;0.004254207095943186;0.0;0.0;0.0;0.633856922773785;1.6555785968001957;-0.06471638172135886;0.0;0.0;-0.09240728528397908;-0.17645647148181873;-0.1504339633565684;-0.13708592618438936;0.0;0.0;-0.05117481606453736;-0.45283611958116066;0.375317793874077;0.4678845724957574;3.137596673844259;0.0;0.6055616495976863;-0.7813885842405359;-2.8061424706638323;-0.25539161615368433;-0.041549649800818;0.0;0.0;0.0;0.0;0.0;0.0;0.0;0.0;0.0;-0.610526225118783;-0.6975045760499827;0.0;0.0632296481966033;-0.1482315633969068;0.0;0.0;0.0;0.0;0.0;0.0;0.0;0.0;0.0;0.0;0.0;0.0;0.0;0.0;0.0;0.0;0.0;0.0;0.0;0.0;0.0;0.0;0.0;0.0;0.0;0.0;0.0;0.0;0.0;0.0;0.0;0.0;0.0;0.0;0.0;0.0;0.0;0.0;0.0;0.0;0.0;0.0;0.0;0.0;0.0;0.0;0.0;0.0;0.0;0.0;0.0;0.0;0.0;0.0;0.0;0.0;0.0;0.0;0.0;0.0;0.0;0.0;0.0;0.0;0.0;0.0;0.0;0.0;0.0;0.0;0.0;0.0;0.0;0.0;0.0;0.0;0.0;0.0;0.0;0.0;0.0;0.0;0.0;0.0;0.0;0.0;0.0;0.0;0.0;0.0;0.0;0.0
if you keep rigid historical perspective out of it , this film is actually quite entertaining it 's got action , adventure and romance , and one of the premiere casting match ups of the era with errol flynn and olivia de havilland in the lead roles as evident on this board , the picture does n't pass muster with purists who look for one hundred percent accuracy in their story telling to get beyond that , one need only put aside the history book , and enjoy the story as if it were a work of fiction i know , i know , that 's hard to do when you consider custer 's last stand at the little big horn and it 's prominence in the history of post civil war america so i guess there 's an unresolved quandary with the picture , no matter how you look at it br br there 's a lot to take in here though for the picture 's two hour plus run time custer 's arrival at west point is probably the first head scratcher , riding up as he does in full military regalia the practical joke by sharp \( arthur kennedy \) putting him up in the major 's headquarters probably should have gotten them both in trouble br br ironically , a lot of scenes in this military film play for comedy , as in custer 's first meeting with libby bacon , and subsequent encounters that include tea reader callie \( hattie mcdaniel \) i had n't noticed it before in other films , but mcdaniel reminded me an awful lot of another favorite character actor of mine from the forties , mantan moreland so much so that in one scene it looked like it might have been moreland hamming it up in a dress with that in mind , the owl scene was a hoot too br br as for flynn , it 's interesting to note that a year earlier , he portrayed j e b stuart opposite ronald reagan 's depiction of general custer in santa fe trail , both vying for the attention of none other than olivia de havilland in that film , reagan put none of the arrogance and flamboyance into the character of custer that history remembers , while in flynn 's portrayal here it 's more than evident but it does n't come close to that of richard mulligan 's take on the military hero in 1970 's little big man let 's just say that one was a bit over the top br br the better take away the picture had for me was the manner in which custer persevered to maintain his good name and not gamble it away on a risky business venture that and his loyalty to the men he led in battle along with the discipline he developed over the course of the story most poignant was that final confrontation with arch rival sharp just before riding into the little big horn , in which he declared that hell or glory was entirely dependent on one 's point of view earlier , a similar remark might have given us the best insight of all into custer 's character , when he stated you take glory with you when it 's your time to go;score pos:;-1.1836097;score neg: ;-0.29381624;actual class:;pos
Words:;if;you;keep;rigid;historical;perspective;out;of;it;,;this;film;is;actually;quite;entertaining;it;'s;got;action;,;adventure;and;romance;,;and;one;of;the;premiere;casting;match;ups;of;the;era;with;errol;flynn;and;olivia;de;havilland;in;the;lead;roles;as;evident;on;this;board;,;the;picture;does;n't;pass;muster;with;purists;who;look;for;one;hundred;percent;accuracy;in;their;story;telling;to;get;beyond;that;,;one;need;only;put;aside;the;history;book;,;and;enjoy;the;story;as;if;it;were;a;work;of;fiction;i;know;,;i;know;,;that;'s;hard;to;do;when;you;consider;custer;'s;last;stand;at;the;little;big;horn;and;it;'s;prominence;in;the;history;of;post;civil;war;america;so;i;guess;there;'s;an;unresolved;quandary;with;the;picture;,;no;matter;how;you;look;at;it;br;br;there;'s;a;lot;to;take;in;here;though;for;the;picture;'s;two;hour;plus;run;time;custer;'s;arrival;at;west;point;is;probably;the;first;head;scratcher;,;riding;up;as;he;does;in;full;military;regalia;the;practical;joke;by;sharp;\(;arthur;kennedy;\);putting;him;up;in;the;major;'s;headquarters;probably;should;have;gotten;them;both;in;trouble;br;br;ironically;,;a;lot;of;scenes;in;this;military;film;play;for;comedy;,;as;in;custer;'s;first;meeting;with;libby;bacon;,;and;subsequent;encounters;that;include;tea;reader;callie;\(;hattie;mcdaniel;\);i;had;n't;noticed;it;before;in;other;films;,;but;mcdaniel;reminded;me;an;awful;lot;of;another;favorite;character;actor;of;mine;from;the;forties;,;mantan;moreland;so;much;so;that;in;one;scene;it;looked;like;it;might;have;been;moreland;hamming;it;up;in;a;dress;with;that;in;mind;,;the;owl;scene;was;a;hoot;too;br;br;as;for;flynn;,;it;'s;interesting;to;note;that;a;year;earlier;,;he;portrayed;j;e;b;stuart;opposite;ronald;reagan;'s;depiction;of;general;custer;in;santa;fe;trail;,;both;vying;for;the;attention;of;none;other;than;olivia;de;havilland;in;that;film;,;reagan;put;none;of;the;arrogance;and;flamboyance;into;the;character;of;custer;that;history;remembers;,;while;in;flynn;'s;portrayal;here;it;'s;more;than;evident;but;it;does;n't;come;close;to;that;of;richard;mulligan;'s;take;on;the;military;hero;in;1970;'s;little;big;man;let;'s;just;say;that;one;was;a;bit;over;the;top;br;br;the;better;take;away;the;picture;had;for;me;was;the;manner;in;which;custer;persevered;to;maintain;his;good;name;and;not;gamble;it;away;on;a;risky;business;venture;that;and;his;loyalty;to;the;men;he;led;in;battle;along;with;the;discipline;he;developed;over;the;course;of;the;story;most;poignant;was;that;final;confrontation;with;arch;rival;sharp;just;before;riding;into;the;little;big;horn;,;in;which;he;declared;that;hell;or;glory;was;entirely;dependent;on;one;'s;point;of;view;earlier;,;a;similar;remark;might;have;given;us;the;best;insight;of;all;into;custer;'s;character;,;when;he;stated;you;take;glory;with;you;when;it;'s;your;time;to;go;;;;;;;;;;;;;;;;;;;;;;;;;;;;;;;;;;;;;;;;;;;;;;;;;;;;;;;;;;;;;;;;;;;;;;;;;;;;;;;;;;;;;;;;;;;;;;;;;;;;;;;;;;;;;;;;;;;;;;;;;;;;;;;;;;;;;;;;;;;;;;;;;;;;;;;;;;;;;;;;;;;;;;;;;;;;;;;;;;;;;;;;;;;;;;;;;;;;;;;;;;;;;;;;;;;;;;;;;;;;;;;;;;;;;;;;;;;;;;;;;;;;;;;;;;;;;;;;;;;;;;;;;;;;;;;;;;;;;;;;;;;;;;;;;;;;;;;;;;
pos:;0.0;-0.13807953234175183;0.15277760785902164;-1.0689561356505495;-0.23653247380044062;0.061435366992550575;-0.10091953799684533;0.0;0.0;0.0;0.0;-0.053456293108904845;0.02220742524649612;0.13484742741924866;1.160192436401058;3.4098434827290895;0.642289647465643;0.0;0.6820730337986773;0.0;0.0;0.04011311954847773;0.0;0.12971431884112056;0.0;0.0;0.0;0.0;0.05419646853475559;-0.45580258696519577;-1.3255764168150916;0.08918293242141967;0.5298409991929615;0.0;-0.1100693534006511;0.5020096009668228;0.0;0.0;0.0;0.0;0.19020632808767862;0.3744575369981448;0.0;0.0;0.0;0.05692541283737722;0.14410514042866543;0.24451827539239368;0.8407588539745395;-0.04146855299221297;0.07849664681338232;0.6231554288514901;0.0;0.0;-0.3298022400899887;-0.496010702508856;-1.153425200605342;-0.5599065740910942;-1.877326415726639;0.43064879599157746;-0.7858169477589554;0.17865951139235287;-0.11048613111986556;0.01944405891026846;0.03682772785468839;-0.15410426150788153;-0.8659299154012051;0.6388998768444384;0.030845113433331038;0.46649452945247477;0.0;0.0;0.0;0.0;0.0;0.0;0.0;0.0;0.0;0.0;0.0;0.0;0.0;0.21541715740105197;0.07090721668265021;0.0;0.0;0.5803703410169206;-0.017239800538199068;0.08402851770581088;0.05465216236271166;-0.024580141342573757;0.0;0.0;0.0;-0.07876666626428344;0.0;0.7077869853859626;0.2254375259385796;0.0;0.0;0.0;0.0;0.0;0.0;0.0;0.0;0.0;0.0;0.0;0.0;0.0;0.0;0.0;0.0;0.0;0.0;0.0;0.0;0.0;0.0;0.0;0.0;0.0;0.17579849074527298;0.08166554282462432;-0.03464712226094631;0.6256288872806832;0.0;0.205389637090304;0.902611012731373;0.25050408824928944;0.4137278519101769;-0.010487814229187488;-0.19396806748806156;0.0;0.0;0.0;-0.07022598988993056;-0.0938711853928617;-0.5128351276998835;-0.01800492032374321;0.003252133777291405;0.0;0.0;0.0;0.0;0.0;0.0;-0.24327660217407962;-0.04655778459779359;0.08913518014146513;-0.13903076749856697;-0.35849344427953206;0.0;0.0;0.0;0.0;0.0;0.0;0.0;0.0;0.0;0.0;0.0;0.0;0.0;-0.07230749279901995;-0.24218849091777067;-0.023640906603042522;-0.020443923261516363;0.0;0.0;0.0;0.0;0.0;0.0;0.0;0.0;0.0;0.0;0.7026293218976117;-0.32461664839566584;1.1625327720903103;0.0;0.8490554605672963;-0.02305168900550394;0.0;0.0;0.0;0.0;-0.18314397004712848;-0.39877319178489173;-0.5072245532753947;0.0499970850065607;0.1670667810443641;-0.7217081910176858;0.05891009442928744;0.07364455491072014;0.0;0.07575898821677335;0.3018923839172558;0.0;-0.2936483138189795;0.0;0.0;0.0;0.0;0.0;0.0;0.0;0.0;-0.21567330020011638;-0.32630534665796396;-0.14077627298232762;0.13551398093635886;0.0;-0.06670755922956027;-0.3917491912982241;-0.4809776548130664;-0.10132515713848181;-0.250319520815339;0.0;0.0;-0.10387964869583607;0.0;-0.05222609242213423;-0.005319994818289857;-0.09995694983444656;0.0886736172862971;-0.17606923048361023;0.3099265757384994;0.0;0.0;0.0;0.0;0.0;0.0;0.0;-0.04856149221520511;-0.0722822285578216;-0.012201884916618732;-0.13317167052439127;-0.8046181842883235;0.0;0.0;0.3977451972583639;0.22110919354827133;0.180764988479813;0.053305588268060235;0.0;0.0;0.0;0.0;0.0;0.0;0.0;0.0;0.0;0.0;0.0;0.0;0.0;0.0;0.0;0.0;0.0;0.0;0.0;0.10353154510895099;0.20482445415283373;-0.8374174934128861;-4.408035107759432;-0.2177167814698045;0.0;0.17029331081708662;2.339961616397223;0.3290168710685653;0.26957316164893036;0.0;0.24066587992212043;0.01731207002779692;0.008586606634288514;0.018845566347812974;0.0;0.0;0.0;0.0;0.0;0.0;0.0;0.0;0.016547746581881864;-0.1716875365891051;0.030002099588527002;-0.6528379242563721;-0.0639713255008559;-0.1811763514565364;-0.820722375576187;-0.3976164939492457
neg:;0.0;-0.20382598886068193;-1.7956551367283677;-0.07066850507844558;-0.9430632825665826;-0.18211132543894348;0.14551780401347292;0.0;0.0;0.0;0.0;0.5308732004180897;-0.12354706853781369;0.12522475386146104;-0.5130854725703188;-2.9447351250017446;-0.828664116662;0.0;-0.22033037663684493;0.0;0.0;-0.0927754347942685;0.0;-0.30000913578869365;0.0;0.0;0.0;0.0;-0.047326492043513885;-0.3740078570502911;0.32145876027223536;0.08945852929974217;-0.12386911575874548;0.0;0.02855825234143613;-0.13024985083767543;0.0;0.0;0.0;0.0;-0.04826669446685643;-0.09502221987467019;0.0;0.0;0.0;-0.07939719689509583;-0.2009918529865748;-0.02341662925692422;-0.7020667055833375;0.016602415793664584;-0.031427042295132136;-0.24948749805218795;0.0;0.0;0.27781120777584134;0.5535763902359534;0.9717287419849601;0.4381897628129788;1.1908861685676018;-0.36566323008636564;0.6699879739665741;-0.2064564380659749;-0.09552072111219535;-0.10138386070847713;0.3380324894917281;0.5495649903954352;0.9255358608742581;-0.15419414515263724;-0.026012465403563594;-0.24207986377297921;0.0;0.0;0.0;0.0;0.0;0.0;0.0;0.0;0.0;0.0;0.0;0.0;0.0;-0.15209037844556694;0.0845313586934663;0.0;0.0;-3.2873406107880996;0.0013309004768671685;-0.9478946440143906;-0.3953578316067217;0.1778145815583889;0.0;0.0;0.0;0.04379296072096805;0.0;-0.9438804576384956;-0.30255112766041264;0.0;0.0;0.0;0.0;0.0;0.0;0.0;0.0;0.0;0.0;0.0;0.0;0.0;0.0;0.0;0.0;0.0;0.0;0.0;0.0;0.0;0.0;0.0;0.0;0.0;-0.10441387164188569;-0.04850448641456569;0.020578334667030962;-0.10849720695774023;0.0;0.004972772154919522;0.021853482845684283;-0.20542221097973895;-0.5006549649118056;0.005786989933025225;-0.00012976062272038728;0.0;0.0;0.0;0.16028494428430676;0.24398466755421755;0.3354056165117764;-0.004979357578678047;-0.00124406017452054;0.0;0.0;0.0;0.0;0.0;0.0;0.2784475307606899;0.053288725849875235;-0.10202161076115479;0.15913069141782119;0.41032147547877246;0.0;0.0;0.0;0.0;0.0;0.0;0.0;0.0;0.0;0.0;0.0;0.0;0.0;0.3918025940944347;1.1916961891329885;0.08822289119992409;0.07629242177067089;0.0;0.0;0.0;0.0;0.0;0.0;0.0;0.0;0.0;0.0;-0.12969777519880868;0.35315696154573484;0.29214771179656257;0.0;0.13419171439974487;0.08601144776051643;0.0;0.0;0.0;0.0;0.27271686696691155;0.5880282107722601;0.8444125010394181;-0.09061728366470108;-0.009892035905611387;1.0990966077760937;-0.09405171594421113;-0.09638796645719482;0.0;-0.05141661150371231;-0.24654803779266596;0.0;0.18440527054264594;0.0;0.0;0.0;0.0;0.0;0.0;0.0;0.0;0.03511612153321371;0.053129331259578395;0.02292131991513719;-0.022064508771346837;0.0;0.12722630528295695;0.41496546668987716;0.43815311372251503;0.035569814803370486;0.0878737250306076;0.0;0.0;-0.602047893746392;0.0;-0.551753619673489;0.004933455883340643;0.09506331597699001;-0.014161147138371365;0.1746301490306111;-0.21010667052340762;0.0;0.0;0.0;0.0;0.0;0.0;0.0;0.16451587587413352;0.18295533805955988;-0.02005864734119122;0.03066328037836516;0.01980446088587089;0.0;0.0;-0.4346225792032007;-0.48193257022591773;-0.14843567688449508;-0.08312249773780449;0.0;0.0;0.0;0.0;0.0;0.0;0.0;0.0;0.0;0.0;0.0;0.0;0.0;0.0;0.0;0.0;0.0;0.0;0.0;-0.44074544319570974;-0.8594001293781061;1.4429653249820629;7.365905665397237;0.12204359387477422;0.0;-0.06339462728995658;-4.4560601227871635;-0.3286738371848051;-0.22263009679769546;0.0;-0.49304219682369815;-0.4402198088764109;-0.2183444455442998;-0.47921430553834726;0.0;0.0;0.0;0.0;0.0;0.0;0.0;0.0;-0.017461160026366433;0.18116445862165792;-0.03165817529595491;0.7464869421948624;0.129829295384272;0.25086389038879003;0.7119253470786955;0.26427566541275627
naturally , along with everyone else , i was primed to expect a lot of hollywood fantasy revisionism in they died with their boots on over the legend of custer just having someone like errol flynn play custer is enough of a clue that the legend has precedence over the truth in this production and for the most part my expectations were fulfilled \( in an admittedly rousing and entertaining way \) br br yet even in this obviously biased \( and much criticized \) retelling of the custer story , i was struck by some of the points made in this movie that , sometimes subtly but nevertheless solidly , seemed to counter the typical clich s of manifest destiny and unvarnished heroism usually found in westerns of the early 20th century br br for instance , even while this film attempted to whitewash it 's hero , certain scenes still suggested the more flawed and foolish character of the real life custer br br 1 \) his initial entrance at the west point front gate , in which his arrogance and pompousness is a clear aspect of his character br br 2 \) his miserable record at west point , which seems to be attributed as much to custer 's cluelessness about the demands of military service as any other factor there are moments in the way flynn plays custer at west point where he seems downright stupid br br 3 \) custer 's promotion to general is not only presented as a ridiculous mistake , but it plays out as slapstick comedy i half expected to see the marx brothers or abbott and costello wander into the scene br br 4 \) custer 's stand against jeb stuart at gettysburg is not whitewashed as brilliant military tactical leadership , but is presented as reckless and wildly lucky br br 5 \) custer 's drinking problem is certainly not ignored br br and although the music and some of the ways the indians were shown in this film were certainly reinforcements of the racist stereotype of the ignorant savage , it still came as a surprise to me that the movie actually went into some detail as to why the indians were justified in attacking the whites who were moving into their land , and fairly explicitly laid the blame for the battles in the black hills squarely at the foot of the white man in fact , no one can argue that the clear villain of the piece is not anthony quinn as sitting bull , but arthur kennedy co as the white devils making the false claim of gold in the black hills sure , that part of the story is true , but i did n't expect to see it portrayed quite so unequivically in a movie like this br br and one other thing usually in these films it is the indians who are portrayed en masse as drunken animals seemingly incapable of the basic common sense to avoid getting falling down drunk any time they get near alcohol in this movie , it is actually the troops of the 7th cavalry , and not the indians , who in at least two scenes are portrayed this way br br all in all , this movie slips in some surprising moments in the midst of the hollywood bunk;score pos:;-1.559371;score neg: ;0.83857733;actual class:;pos
Words:;naturally;,;along;with;everyone;else;,;i;was;primed;to;expect;a;lot;of;hollywood;fantasy;revisionism;in;they;died;with;their;boots;on;over;the;legend;of;custer;just;having;someone;like;errol;flynn;play;custer;is;enough;of;a;clue;that;the;legend;has;precedence;over;the;truth;in;this;production;and;for;the;most;part;my;expectations;were;fulfilled;\(;in;an;admittedly;rousing;and;entertaining;way;\);br;br;yet;even;in;this;obviously;biased;\(;and;much;criticized;\);retelling;of;the;custer;story;,;i;was;struck;by;some;of;the;points;made;in;this;movie;that;,;sometimes;subtly;but;nevertheless;solidly;,;seemed;to;counter;the;typical;clich;s;of;manifest;destiny;and;unvarnished;heroism;usually;found;in;westerns;of;the;early;20th;century;br;br;for;instance;,;even;while;this;film;attempted;to;whitewash;it;'s;hero;,;certain;scenes;still;suggested;the;more;flawed;and;foolish;character;of;the;real;life;custer;br;br;1;\);his;initial;entrance;at;the;west;point;front;gate;,;in;which;his;arrogance;and;pompousness;is;a;clear;aspect;of;his;character;br;br;2;\);his;miserable;record;at;west;point;,;which;seems;to;be;attributed;as;much;to;custer;'s;cluelessness;about;the;demands;of;military;service;as;any;other;factor;there;are;moments;in;the;way;flynn;plays;custer;at;west;point;where;he;seems;downright;stupid;br;br;3;\);custer;'s;promotion;to;general;is;not;only;presented;as;a;ridiculous;mistake;,;but;it;plays;out;as;slapstick;comedy;i;half;expected;to;see;the;marx;brothers;or;abbott;and;costello;wander;into;the;scene;br;br;4;\);custer;'s;stand;against;jeb;stuart;at;gettysburg;is;not;whitewashed;as;brilliant;military;tactical;leadership;,;but;is;presented;as;reckless;and;wildly;lucky;br;br;5;\);custer;'s;drinking;problem;is;certainly;not;ignored;br;br;and;although;the;music;and;some;of;the;ways;the;indians;were;shown;in;this;film;were;certainly;reinforcements;of;the;racist;stereotype;of;the;ignorant;savage;,;it;still;came;as;a;surprise;to;me;that;the;movie;actually;went;into;some;detail;as;to;why;the;indians;were;justified;in;attacking;the;whites;who;were;moving;into;their;land;,;and;fairly;explicitly;laid;the;blame;for;the;battles;in;the;black;hills;squarely;at;the;foot;of;the;white;man;in;fact;,;no;one;can;argue;that;the;clear;villain;of;the;piece;is;not;anthony;quinn;as;sitting;bull;,;but;arthur;kennedy;co;as;the;white;devils;making;the;false;claim;of;gold;in;the;black;hills;sure;,;that;part;of;the;story;is;true;,;but;i;did;n't;expect;to;see;it;portrayed;quite;so;unequivically;in;a;movie;like;this;br;br;and;one;other;thing;usually;in;these;films;it;is;the;indians;who;are;portrayed;en;masse;as;drunken;animals;seemingly;incapable;of;the;basic;common;sense;to;avoid;getting;falling;down;drunk;any;time;they;get;near;alcohol;in;this;movie;,;it;is;actually;the;troops;of;the;7th;cavalry;,;and;not;the;indians;,;who;in;at;least;two;scenes;are;portrayed;this;way;br;br;all;in;all;,;this;movie;slips;in;some;surprising;moments;in;the;midst;of;the;hollywood;bunk;;;;;;;;;;;;;;;;;;;;;;;;;;;;;;;;;;;;;;;;;;;;;;;;;;;;;;;;;;;;;;;;;;;;;;;;;;;;;;;;;;;;;;;;;;;;;;;;;;;;;;;;;;;;;;;;;;;;;;;;;;;;;;;;;;;;;;;;;;;;;;;;;;;;;;;;;;;;;;;;;;;;;;;;;;;;;;;;;;;;;;;;;;;;;;;;;;;;;;;;;;;;;;;;;;;;;;;;;;;;;;;;;;;;;;;;;;;;;;;;;;;;;;;;;;;;;;;;;;;;;;;;;;;;;;;;;;;;;;;;;;;;;;;;;;;
pos:;0.0;0.0;0.0;0.0;0.0;0.0;0.0;-0.011254770042714045;0.1298857744046222;0.3009690280003109;0.0;0.06004534246134028;0.0;0.7484322559048187;0.0;0.7407437619297114;0.27710848155054824;0.08763342583886231;0.038924018709393535;0.0;0.0;0.0;0.0;0.0;0.0;0.0;0.0;0.0;0.0;0.0;0.0;0.0;0.0;0.0;0.0;0.0;0.0;0.0;0.0;0.0;0.0;0.0;0.0;0.0;0.0;0.0;0.14189849763801046;0.10519057665101816;0.09027242684930661;0.0;0.0;0.0;0.0;-0.5702332524985313;0.0;-0.06215765525844478;0.1179451256671145;0.5889710668611347;0.022139811310819536;0.19389529125918928;0.9387229613248972;0.07028935274147584;1.0654853399453141;0.0;-0.025192568418650224;0.2497376247507729;-1.0552882209017587;1.6035893302710518;0.0;2.3236644993122852;0.5727979780952113;0.0;1.1343000210178442;-0.11117411130196155;0.0;0.0;-0.29646882987644413;-0.601974899984589;-0.502871834745379;-2.936484087556429;0.0;0.0;-0.37079896180767;-0.3477764403170157;0.0;-0.35968605160961814;0.0;0.0;0.0;0.0;0.0;0.049675146512708455;0.2183619873493105;0.25837271152788394;0.06658353272625714;0.0;0.0;0.0;0.0;0.0;0.0;0.0;0.0;0.0;0.0;0.0;0.0;0.0;0.09602154958649849;0.2273752968845075;0.0;0.12314696105318415;0.0;0.004062880494143067;0.019223371030803977;0.15873174069112725;-1.3826806552941502;-0.49351631527524015;0.0;-1.2814296759938444;1.8942103331032278;0.0;3.959214473744156;3.450785641243212;0.21887247939872898;-0.060719269233666835;-0.04002466791958942;-0.34135962511145457;0.0;0.0;0.0;0.0;0.5294355010211694;0.1876808835514725;-0.13883053248797098;0.5751404133761061;-0.1902551258346067;0.0;0.0;-0.153402841921632;-0.35305433248269996;-1.3917168031402636;-2.7293293849100446;0.0;-0.9035261933193501;0.09819426350935882;0.0;-0.15356078788703603;0.0;-0.2331700127654743;-1.8004742461146814;-0.19583054190699753;-0.5441262667330562;0.009791536683810557;-0.04531249456686694;-0.15117470747425013;0.0;0.0;0.0;0.0;0.0;0.0;0.0;0.0;0.0;-0.035331476064044014;-0.06354734043984642;0.0;0.0;0.0;0.0;0.0;0.0;0.0;0.0;0.0;0.0;0.0;0.0;0.0;0.0;0.0;0.0;0.0;0.2426461508853826;0.0;0.3986369997652772;0.41825601587681405;0.0;0.0;0.0;0.0;-0.03662548286121551;-1.592613152029541;0.0;0.02008706364655068;-0.8924218700220324;-0.1553653261450314;-0.010430424594006013;0.0;0.0;0.0;-0.04449908110301624;-0.13133587508092537;0.0;-0.06593137634107377;-0.6063714442590822;0.0;0.0;0.0;0.0;0.0;0.0;0.0;0.0;0.0;0.0;0.0;0.036973581437881056;0.02557854567346997;-0.11957059024347069;-0.01422789040783549;0.5079130798664615;-0.3687889210377981;-0.1807855275789955;-0.857051836188391;-0.014934974096129691;-0.011467039964331273;0.009434181896799692;0.0;0.0;0.0;0.0;0.0;0.0;-0.09222981034054861;-0.04434000024508622;-0.5559219665980623;-0.884161721109513;-1.9679080370158746;-0.696909539560044;-0.5684787172691785;-0.26997201125419723;0.0;0.0;0.0;0.0;0.0;-0.07016486837177856;-0.040888038840797745;0.021543791272629568;-0.06898747152726593;-0.24875152160717587;-0.005991287258857858;0.0;-1.5236773677723614;-0.6435501515099465;0.0;0.0;0.0;0.0;-0.015913222830644527;0.6070081367020668;2.2103316828030324;0.7502498335540831;0.8655771082145467;0.14800579003495246;0.016028724177299614;0.0;0.0;0.0;0.0;0.0;0.0;0.0;0.0;0.0;-0.1101040424531216;-0.06774279565544328;0.0;0.0;0.0;0.0;0.0;0.0;0.0;0.0;0.0;0.0;0.0;0.0;0.0;0.0;0.0;0.0;0.4390461926661175;0.08201863406752931;0.014643363610756981;0.10123314071903108;0.17351251913895735
neg:;0.0;0.0;0.0;0.0;0.0;0.0;0.0;-0.13872160652325932;-0.1768207630282034;-0.21662728649985885;0.0;-0.04210498960194311;0.0;-0.5315318671911128;0.0;-0.8975922921084049;-0.5091161985258049;-0.3664478117416099;-0.035358559364279576;0.0;0.0;0.0;0.0;0.0;0.0;0.0;0.0;0.0;0.0;0.0;0.0;0.0;0.0;0.0;0.0;0.0;0.0;0.0;0.0;0.0;0.0;0.0;0.0;0.0;0.0;0.0;-0.09562676484572825;-0.07088894318708386;-0.060835458289302244;0.0;0.0;0.0;0.0;0.5213208850673777;0.0;0.05682601586467269;-0.15726786233333886;-0.7644833760701286;0.0035248592466042986;-0.058259287195412894;-0.8334310018867325;-0.05065568676406809;-0.7516003631479256;0.0;0.2063056268954893;-0.721726837376005;1.1199528925239872;-3.1492250483938777;0.0;-3.3499095642676546;-0.7504323653234096;0.0;-0.1330850788652994;0.0005478025292567806;0.0;0.0;-0.04713552816261135;-0.09570788559199984;0.046070580750054796;0.2682808331103384;0.0;0.0;0.0028283210026704983;-0.44114551721628237;0.0;-0.39642349166021196;0.0;0.0;0.0;0.0;0.0;-0.0077198258109559496;-0.0339348069288448;-0.04015272157857355;-0.010347493879928218;0.0;0.0;0.0;0.0;0.0;0.0;0.0;0.0;0.0;0.0;0.0;0.0;0.0;-0.13392686146117194;-0.3171336019537229;0.0;-0.1717602565607121;0.0;-0.006788768222632293;-0.03212080950299205;-0.24884337779098495;2.0189860250035743;0.7596483261912395;0.0;0.8371170903409718;-1.66710886812094;0.0;-1.5019828653331668;-1.7519702874754883;-0.1723125125251034;0.023227342370432454;0.01531090009422735;0.1305825479123175;0.0;0.0;0.0;0.0;0.09792964696729871;0.09331456395950793;0.10121988928041245;-0.08489546186283821;0.16073078458257709;0.0;0.0;0.08683264398510994;0.06508859763329948;0.9783764451224375;1.7492091899204447;0.0;0.9353747046072561;0.06403868102085393;0.0;0.053906936248185634;0.0;-0.37222532977541584;0.05353194796076406;-0.8245596277082287;-0.13457220868044628;-0.012905495567479504;0.10342197637109578;0.3450436170808748;0.0;0.0;0.0;0.0;0.0;0.0;0.0;0.0;0.0;0.30993149554516963;0.5574440825721145;0.0;0.0;0.0;0.0;0.0;0.0;0.0;0.0;0.0;0.0;0.0;0.0;0.0;0.0;0.0;0.0;0.0;-0.15633535368966645;0.0;-0.07783555151352438;-0.08811907467166961;0.0;0.0;0.0;0.0;0.7283698428821072;1.2532819722269204;0.0;0.22006137895115868;1.8712361107449669;0.13429675754214354;0.011785501983080907;0.0;0.0;0.0;0.018265705362320642;0.053909931132670716;0.0;0.03002324235163242;0.2766157521817454;0.0;0.0;0.0;0.0;0.0;0.0;0.0;0.0;0.0;0.0;0.0;-0.0544251778040471;-0.0376516648403786;0.2465288136015797;0.042056067304700136;-0.21324549457325437;0.14064827416012673;0.2135889505003552;0.008006712780100077;-0.16777919736715619;-0.1324165776759989;-0.23989700508639672;0.0;0.0;0.0;0.0;0.0;0.0;0.13153469623356978;0.1541432199049202;1.0219516746908026;3.276622196500266;4.576386434740586;0.22098687142856405;0.8549295245125622;0.3400930034944238;0.0;0.0;0.0;0.0;0.0;0.21666814365186654;0.1262616987501448;-0.06652692965275227;0.21303235847102078;0.6967566104379366;0.010591106174799837;0.0;1.5717546883288627;0.6038829105925823;0.0;0.0;0.0;0.0;0.1319161200857605;-0.16055103136664084;-1.3738908856098515;-1.2593009999139517;-0.17040447317951207;-0.013841345729747063;-0.0014335392706071532;0.0;0.0;0.0;0.0;0.0;0.0;0.0;0.0;0.0;-0.6381221700697011;-0.3926121040346429;0.0;0.0;0.0;0.0;0.0;0.0;0.0;0.0;0.0;0.0;0.0;0.0;0.0;0.0;0.0;0.0;-0.38339243691907804;-0.07162190337415696;-0.012787162155599576;-0.08840076776786172;-0.15151796931591252
a talented high school graduating senior with a bad attitude is forced to play in the state all star high school football game when he meets and falls for an attractive local girl she helps him realize he has a shot at a 'full ride' scholarship if he plays well br br all too often , these dramas fall into formulaic traps and tell the same old story of a troubled and confused teen full ride 's matt sabo certainly fits this profile , but below the surface is a much more unique individual than we usually see in this genre matt is the center of the action and he is a realistic teenager , both over confident and vulnerable , optimistic and cynical by turns influenced by amy , matt grows into a man of character and heart he , in turn , forms friendships with his teammates , which influences his growth as an athlete and as a team player br br full ride has all the elements we love to see in a movie great acting , admirable characters , exciting sports scenes , poignant drama , and a love story still , while one may have seen these elements in other films , full ride is assisted by performances that are sincere and occasionally , even moving perhaps what 's most impressive about full ride is its sense of reality although the author of the previous comment would seem to disagree , \( clearly a disgruntled student who , for quite obvious reasons , received a poor grade in his film class \) director mark hoeger grounds the film in a believable situation and location and does a great job of getting down to the grit of what life is like in a small town these characters are real people rooted in realistic situations , which often create the most compelling entertainment on one level it is a love story , on another it is a character study , and yet another it is a simple football film all of these ideas come together to form a cohesive vehicle;score pos:;1.9482627;score neg: ;-3.189998;actual class:;pos
Words:;a;talented;high;school;graduating;senior;with;a;bad;attitude;is;forced;to;play;in;the;state;all;star;high;school;football;game;when;he;meets;and;falls;for;an;attractive;local;girl;she;helps;him;realize;he;has;a;shot;at;a;'full;ride';scholarship;if;he;plays;well;br;br;all;too;often;,;these;dramas;fall;into;formulaic;traps;and;tell;the;same;old;story;of;a;troubled;and;confused;teen;full;ride;'s;matt;sabo;certainly;fits;this;profile;,;but;below;the;surface;is;a;much;more;unique;individual;than;we;usually;see;in;this;genre;matt;is;the;center;of;the;action;and;he;is;a;realistic;teenager;,;both;over;confident;and;vulnerable;,;optimistic;and;cynical;by;turns;influenced;by;amy;,;matt;grows;into;a;man;of;character;and;heart;he;,;in;turn;,;forms;friendships;with;his;teammates;,;which;influences;his;growth;as;an;athlete;and;as;a;team;player;br;br;full;ride;has;all;the;elements;we;love;to;see;in;a;movie;great;acting;,;admirable;characters;,;exciting;sports;scenes;,;poignant;drama;,;and;a;love;story;still;,;while;one;may;have;seen;these;elements;in;other;films;,;full;ride;is;assisted;by;performances;that;are;sincere;and;occasionally;,;even;moving;perhaps;what;'s;most;impressive;about;full;ride;is;its;sense;of;reality;although;the;author;of;the;previous;comment;would;seem;to;disagree;,;\(;clearly;a;disgruntled;student;who;,;for;quite;obvious;reasons;,;received;a;poor;grade;in;his;film;class;\);director;mark;hoeger;grounds;the;film;in;a;believable;situation;and;location;and;does;a;great;job;of;getting;down;to;the;grit;of;what;life;is;like;in;a;small;town;these;characters;are;real;people;rooted;in;realistic;situations;,;which;often;create;the;most;compelling;entertainment;on;one;level;it;is;a;love;story;,;on;another;it;is;a;character;study;,;and;yet;another;it;is;a;simple;football;film;all;of;these;ideas;come;together;to;form;a;cohesive;vehicle;;;;;;;;;;;;;;;;;;;;;;;;;;;;;;;;;;;;;;;;;;;;;;;;;;;;;;;;;;;;;;;;;;;;;;;;;;;;;;;;;;;;;;;;;;;;;;;;;;;;;;;;;;;;;;;;;;;;;;;;;;;;;;;;;;;;;;;;;;;;;;;;;;;;;;;;;;;;;;;;;;;;;;;;;;;;;;;;;;;;;;;;;;;;;;;;;;;;;;;;;;;;;;;;;;;;;;;;;;;;;;;;;;;;;;;;;;;;;;;;;;;;;;;;;;;;;;;;;;;;;;;;;;;;;;;;;;;;;;;;;;;;;;;;;;;;;;;;;;;
pos:;0.0;0.0;0.05509135817085796;0.10442329224037684;0.44745735301711737;0.0;0.0;0.0;-0.42794292141510165;-0.17805523574786605;-0.1621255705520343;-0.836859038177175;0.0;-0.12119725385886873;0.017556389009163988;0.0;0.0;0.0;0.0;0.0;0.0;0.2166511146529311;0.16375912459763306;0.101067365315861;0.19996728269021274;1.158394108531812;0.0;-0.3814342609637621;-0.050665472801186835;-0.0012209041381654245;-0.5986841199394861;-0.12278079524079193;-0.833540774066799;-0.2269961483006125;-0.2677149976094321;0.1669475681765316;0.4685344633040729;0.4113615739524619;0.0;0.0;0.0;0.0;0.0;0.0;0.0;0.0;0.0;0.0;0.0;0.0;0.0;0.0;0.0;0.1805255636875805;0.14883202243489874;0.0;-0.029339709973344348;-0.6061741139719903;-0.6709127849713827;-0.06516338900786854;-4.632048288692509;-0.6182733969710387;0.0;-0.2952558829951548;0.0;-0.19585833912933698;-0.48362200252063736;-0.4241889811778572;0.0;0.0;-0.5122610205250883;0.0;-0.28901056992133095;-0.08712206486241302;0.1266985530364642;0.2877045033757011;0.0;-0.2637071533979885;0.0115992897997131;-0.11297799792043067;-0.6339178483941353;-0.23588141140162242;0.0;0.0;0.0;0.0;0.0;0.0;0.0;0.0;0.20724574308172228;0.2489297256610328;1.6162068326337289;0.36975179796936847;0.08836332946888484;0.0;0.0;0.0;0.0;-0.0679139479008509;0.330752739283969;-0.3098946198514318;0.34458238897351506;-0.029215706076614043;0.0;0.0;0.0;0.0;0.0;0.0;0.0;0.0;0.0;0.0;0.0;-0.013313319717772176;-0.018315157979623506;0.5750962214694366;0.0;0.5396855443054106;0.0;0.0;0.0;0.0;0.0;-0.1369992231419612;-0.11069212669298636;0.08116357424500895;0.2154917729508898;0.0;-0.37786563897962705;-0.22732309365901207;0.0;0.0;0.0;0.0;0.0;0.0;0.0;0.0;0.0;0.0;0.0;0.0;0.04598666035992126;0.6745833241231686;0.20092622020940387;0.02926562448035009;0.13979640000512056;0.0;0.0;0.3102892590196128;-0.009114559278359781;0.33164516041699804;0.0836235027675569;-0.17466726163277874;-0.3382299584587771;0.0;-0.059802732635883725;0.0;0.08090937096701803;0.3254482391849635;0.3555247711638001;0.8897107771107702;0.002085694170356699;0.0;0.0;0.0;-0.06702881042139948;0.1462764898900518;0.06710196723724866;0.44050036845041923;0.0;0.0;0.0;0.0;0.0;0.8059030582072525;-0.08178256069151962;0.0;0.19310132075980982;-0.15635509180019377;0.0;-0.0936640258312519;0.06702060809741053;0.19211744134512682;0.0;8.566741717564616;3.7729370297077027;0.0;0.0;0.0;0.0;0.0;0.0;0.0;-0.07168374595160946;0.0059392211254306925;-0.32905777770577216;-0.3243375035872816;0.12530425099314804;0.09148044335615503;0.04250976609550704;0.0;0.0;0.0;0.0;0.0;0.0409094055358388;0.7962828268166674;0.2556155096391326;-0.005829522201053195;1.0250865578571604;0.0;0.0;0.0;0.0;0.0;0.0;0.0;0.0;0.0;0.0;0.0;1.0141619829601682;1.4896908582340715;-0.26198350718521957;0.10070343434281025;0.0;0.0;0.39583203791118315;0.3757891429765856;0.0;0.2203775870597382;-0.012881688326123047;0.0;0.0;0.0;0.0886383821551546;-0.08154990018564004;-0.8084550588262338;-0.5239342939055072;-0.45153040863531074;0.0;-0.476764351013352;0.0;0.0;-0.13804808642760946;0.0;-0.25061401297771085;-0.1676059371668478;-0.028588871389550647;0.0;-0.0422331773652413;-0.20630889079378723;-0.5376377222710175;-0.845709817037313;0.0;-0.09514169279591403;0.0;-1.8997650564552724;-0.5703537252186799;0.031459047301861665;0.0;0.0;0.13439776376693324;0.0;-1.7031821333611292;-0.10368281631054502;0.0;-0.09029767470921878;0.0;0.1525600275820421;0.03645367083111935;0.0;0.49578166628129805;0.43189935599800366;0.0;0.0;0.0;0.6842031406908224;0.0;1.9239381759627907;2.231321917324944;0.0;0.0;0.0;0.0;0.0;0.0;0.0;0.0;0.0;0.0;0.0;0.0;0.0;0.0;0.0;0.0
neg:;0.0;0.0;-0.03918161146264784;-0.07426705385486901;-0.31823684755870985;0.0;0.0;0.0;0.40156531133634626;0.5540231151640155;0.749564863330655;0.5874552568626596;0.0;0.019733446337821123;-0.002858547115281026;0.0;0.0;0.0;0.0;0.0;0.0;-0.15188403056137398;-0.1148039137713904;-0.12816439223062137;-0.2506224532238678;-1.2025231777789764;0.0;0.2469494699720236;0.04828469978447424;0.0015380148238273738;0.46556959220302424;0.10261827814788854;1.0413123469597636;-0.6686919999067441;-1.596491056409994;-0.06683939377215352;-0.18758320250278318;-0.16469337364092596;0.0;0.0;0.0;0.0;0.0;0.0;0.0;0.0;0.0;0.0;0.0;0.0;0.0;0.0;0.0;-0.3016600008063687;-0.24869978018971178;0.0;0.04902642490374408;-0.6972345415215995;-0.18203441914437837;0.010400256428905947;4.660176325901481;0.5800620869943999;0.0;0.3812146462717158;0.0;0.10294369393931535;0.25419308481384983;0.34895641155960144;0.0;0.0;0.47504127951913305;0.0;0.3307933391011028;0.24380589347778;0.07822143793516256;0.11444183655202839;0.0;0.47882171382647143;-0.013814326742879569;0.09616658213389317;0.4956684215529002;0.17703887552366074;0.0;0.0;0.0;0.0;0.0;0.0;0.0;0.0;-0.19151988770110043;-0.04872070675187133;-1.1439243059504387;-0.33380265459647185;-0.06238691653800166;0.0;0.0;0.0;0.0;0.040162571827645675;-0.2643142360261988;0.16431801053575193;-0.24468099905965138;0.01772065134608412;0.0;0.0;0.0;0.0;0.0;0.0;0.0;0.0;0.0;0.0;0.0;0.11678586774355777;0.16066252917034327;0.2840322805711883;0.0;0.3984040040697802;0.0;0.0;0.0;0.0;0.0;0.1547975925110454;0.12507278748760803;-0.05864058607628575;-0.17671087428905957;0.0;0.04718870139753826;0.02838861351989218;0.0;0.0;0.0;0.0;0.0;0.0;0.0;0.0;0.0;0.0;0.0;0.0;-0.007146612189968314;-0.7095376844638424;-0.3785432873305915;-0.5218907639883708;-1.289127330951268;0.0;0.0;-0.18429340733120525;0.005413507354519792;-0.1969775455046913;-0.04966739843556562;0.015256664921998606;0.02954337919166572;0.0;0.005223590527020239;0.0;-0.04714910954189426;-0.004149221365091503;0.08775867128409319;0.1492677690463527;0.0648197246239279;0.0;0.0;0.0;0.04614823662435883;-0.10070896418402835;-0.046198603892213745;-0.30327727895760503;0.0;0.0;0.0;0.0;0.0;-1.6014521619957702;-0.03178479631807436;0.0;-2.6891741700642178;-1.9898510527950364;0.0;0.11955345914259428;0.06735997017701237;-1.0366516209183279;0.0;-6.132907436310656;-2.8100721475544312;0.0;0.0;0.0;0.0;0.0;0.0;0.0;0.04764457699548741;-0.00394750127029953;0.21870813833375877;0.21557080977073917;-0.5330436855999081;-0.38915736936606327;-0.18083634205497257;0.0;0.0;0.0;0.0;0.0;-0.010614227215254249;-0.20660106742525797;-0.06632120568645014;0.0015125097123237616;-0.26596577236662305;0.0;0.0;0.0;0.0;0.0;0.0;0.0;0.0;0.0;0.0;0.0;-0.8342285269649053;-0.445748763230138;0.35960488167202115;-0.13822796320231678;0.0;0.0;-0.33704058072803783;-0.31997458227102676;0.0;-0.1876457254799674;0.010968419173710995;0.0;0.0;0.0;-0.031116170226316117;0.04757221361180602;0.7790638104151157;0.49646994883475454;0.6182826528679981;0.0;0.31375592169664257;0.0;0.0;0.19687900307757683;0.0;0.3574163055001578;0.23903330117216595;0.04077237608968489;0.0;0.021059517456565927;0.15244694735392053;0.4230548583588355;0.4835480853027582;0.0;-0.001439605826050554;0.0;2.64877241014062;0.6323081596498973;-0.06772589988545748;0.0;0.0;-0.004011179381092812;0.0;1.324110509969154;0.3186785340433638;0.0;0.27883797132862237;0.0;-0.2574390360826259;-0.061514133349182536;0.0;-0.644123128251401;-0.47916658079723795;0.0;0.0;0.0;-0.9782016429757892;0.0;-3.0545382492966975;-1.7530668388341692;0.0;0.0;0.0;0.0;0.0;0.0;0.0;0.0;0.0;0.0;0.0;0.0;0.0;0.0;0.0;0.0
what about dj cash money \? \? \? this film fails in part by not covering the mid to late 80s there was only a small mention of dj cheese in 86 br br also , it 's grandmixer dst , not dxt ! ! ! ! !;score pos:;-2.4931626;score neg: ;1.3611906;actual class:;pos
Words:;what;about;dj;cash;money;\?;\?;\?;this;film;fails;in;part;by;not;covering;the;mid;to;late;80s;there;was;only;a;small;mention;of;dj;cheese;in;86;br;br;also;,;it;'s;grandmixer;dst;,;not;dxt;!;!;!;!;!;;;;;;;;;;;;;;;;;;;;;;;;;;;;;;;;;;;;;;;;;;;;;;;;;;;;;;;;;;;;;;;;;;;;;;;;;;;;;;;;;;;;;;;;;;;;;;;;;;;;;;;;;;;;;;;;;;;;;;;;;;;;;;;;;;;;;;;;;;;;;;;;;;;;;;;;;;;;;;;;;;;;;;;;;;;;;;;;;;;;;;;;;;;;;;;;;;;;;;;;;;;;;;;;;;;;;;;;;;;;;;;;;;;;;;;;;;;;;;;;;;;;;;;;;;;;;;;;;;;;;;;;;;;;;;;;;;;;;;;;;;;;;;;;;;;;;;;;
pos:;0.03382887053898619;-0.005198831646457777;0.4540067556511193;0.23453260566789627;-0.6622448722776335;0.0;0.0;0.0;-0.8218689662934473;-1.2271479722854362;-7.188172255825502;0.29131446113797677;0.4069674052237696;-0.25027722037027395;-0.38773131246923653;0.9090497891988856;0.05734437675782542;0.1191681248810485;0.0;0.0856379360802033;0.0;-0.031208242981987884;0.09386709787850259;0.009014919771981078;0.0;0.17712794380704766;0.04930601971712352;0.0;1.2024269665149028;-0.586552815502727;0.08707657993087176;0.0;-0.35988994388994094;0.9295749281328102;0.48240704899586273;0.0;-0.05513032956764354;0.0;0.0;0.0;0.0;0.0;0.0;0.0;0.0;0.0;0.0;0.0;0.0;0.0;0.0;0.0;0.0;0.0;0.0;0.0;0.0;0.0;0.0;0.0;0.0;0.0;0.0;0.0;0.0;0.0;0.0;0.0;0.0;0.0;0.0;0.0;0.0;0.0;0.0;0.0;0.0;0.0;0.0;0.0;0.0;0.0;0.0;0.0;0.0;0.0;0.0;0.0;0.0;0.0;0.0;0.0;0.0;0.0;0.0;0.0;0.0;0.0;0.0;0.0;0.0;0.0;0.0;0.0;0.0;0.0;0.0;0.0;0.0;0.0;0.0;0.0;0.0;0.0;0.0;0.0;0.0;0.0;0.0;0.0;0.0;0.0;0.0;0.0;0.0;0.0;0.0;0.0;0.0;0.0;0.0;0.0;0.0;0.0;0.0;0.0;0.0;0.0;0.0;0.0;0.0;0.0;0.0;0.0;0.0;0.0;0.0;0.0;0.0;0.0;0.0;0.0;0.0;0.0;0.0;0.0;0.0;0.0;0.0;0.0;0.0;0.0;0.0;0.0;0.0;0.0;0.0;0.0;0.0;0.0;0.0;0.0;0.0;0.0;0.0;0.0;0.0;0.0;0.0;0.0;0.0;0.0;0.0;0.0;0.0;0.0;0.0;0.0;0.0;0.0;0.0;0.0;0.0;0.0;0.0;0.0;0.0;0.0;0.0;0.0;0.0;0.0;0.0;0.0;0.0;0.0;0.0;0.0;0.0;0.0;0.0;0.0;0.0;0.0;0.0;0.0;0.0;0.0;0.0;0.0;0.0;0.0;0.0;0.0;0.0;0.0;0.0;0.0;0.0;0.0;0.0;0.0;0.0;0.0;0.0;0.0;0.0;0.0;0.0;0.0;0.0;0.0;0.0;0.0;0.0;0.0;0.0;0.0;0.0;0.0;0.0;0.0;0.0;0.0;0.0;0.0;0.0;0.0;0.0;0.0;0.0;0.0;0.0;0.0;0.0;0.0;0.0;0.0;0.0;0.0;0.0;0.0;0.0;0.0;0.0;0.0;0.0;0.0;0.0;0.0;0.0;0.0;0.0;0.0;0.0;0.0;0.0;0.0;0.0;0.0;0.0;0.0;0.0;0.0;0.0;0.0;0.0;0.0;0.0;0.0
neg:;-0.03730640917140944;0.025738013141038796;-0.2558756192150803;0.009989530136714879;0.663107858481807;0.0;0.0;0.0;-0.17979695168167353;0.457720567702323;4.184384704723434;-0.28476237642596125;0.006350170946559401;0.32269419328248355;0.24965075944623005;-0.17234390366670177;-0.0558365655971103;-0.2568314064508413;0.0;0.1248289724553583;0.0;-0.01983018091908568;-0.07030070083811078;-0.008024367776859982;0.0;-0.2268539118584993;-0.10517981897379661;0.0;-1.0767376370382349;0.06595727032007503;-0.17226629154065012;0.0;0.3208038069214845;0.19920850701031362;-0.273615360804127;0.0;0.05221718320142621;0.0;0.0;0.0;0.0;0.0;0.0;0.0;0.0;0.0;0.0;0.0;0.0;0.0;0.0;0.0;0.0;0.0;0.0;0.0;0.0;0.0;0.0;0.0;0.0;0.0;0.0;0.0;0.0;0.0;0.0;0.0;0.0;0.0;0.0;0.0;0.0;0.0;0.0;0.0;0.0;0.0;0.0;0.0;0.0;0.0;0.0;0.0;0.0;0.0;0.0;0.0;0.0;0.0;0.0;0.0;0.0;0.0;0.0;0.0;0.0;0.0;0.0;0.0;0.0;0.0;0.0;0.0;0.0;0.0;0.0;0.0;0.0;0.0;0.0;0.0;0.0;0.0;0.0;0.0;0.0;0.0;0.0;0.0;0.0;0.0;0.0;0.0;0.0;0.0;0.0;0.0;0.0;0.0;0.0;0.0;0.0;0.0;0.0;0.0;0.0;0.0;0.0;0.0;0.0;0.0;0.0;0.0;0.0;0.0;0.0;0.0;0.0;0.0;0.0;0.0;0.0;0.0;0.0;0.0;0.0;0.0;0.0;0.0;0.0;0.0;0.0;0.0;0.0;0.0;0.0;0.0;0.0;0.0;0.0;0.0;0.0;0.0;0.0;0.0;0.0;0.0;0.0;0.0;0.0;0.0;0.0;0.0;0.0;0.0;0.0;0.0;0.0;0.0;0.0;0.0;0.0;0.0;0.0;0.0;0.0;0.0;0.0;0.0;0.0;0.0;0.0;0.0;0.0;0.0;0.0;0.0;0.0;0.0;0.0;0.0;0.0;0.0;0.0;0.0;0.0;0.0;0.0;0.0;0.0;0.0;0.0;0.0;0.0;0.0;0.0;0.0;0.0;0.0;0.0;0.0;0.0;0.0;0.0;0.0;0.0;0.0;0.0;0.0;0.0;0.0;0.0;0.0;0.0;0.0;0.0;0.0;0.0;0.0;0.0;0.0;0.0;0.0;0.0;0.0;0.0;0.0;0.0;0.0;0.0;0.0;0.0;0.0;0.0;0.0;0.0;0.0;0.0;0.0;0.0;0.0;0.0;0.0;0.0;0.0;0.0;0.0;0.0;0.0;0.0;0.0;0.0;0.0;0.0;0.0;0.0;0.0;0.0;0.0;0.0;0.0;0.0;0.0;0.0;0.0;0.0;0.0;0.0;0.0
as an avid disney fan , i was not totally impressed by this movie , certainly not motivated enough to catch it in the theaters i am , however , so glad that i caught it on dvd and watched the special features br br you must check out the moose commentary the entire movie can be viewed with commentary from rutt and tuke , the comic relief moose of the story , who are voiced by rick moranis and dave thomas two veterans of the famous second city comedy troupe ad lib in character for an hour and a half about a movie that they are clearly fond of i laughed the whole time the enjoyment i got from this commentary completely made up for the tepid reaction i had to the film itself do yourself a favor and listen to it !;score pos:;-0.67623544;score neg: ;-0.5502762;actual class:;neg
Words:;as;an;avid;disney;fan;,;i;was;not;totally;impressed;by;this;movie;,;certainly;not;motivated;enough;to;catch;it;in;the;theaters;i;am;,;however;,;so;glad;that;i;caught;it;on;dvd;and;watched;the;special;features;br;br;you;must;check;out;the;moose;commentary;the;entire;movie;can;be;viewed;with;commentary;from;rutt;and;tuke;,;the;comic;relief;moose;of;the;story;,;who;are;voiced;by;rick;moranis;and;dave;thomas;two;veterans;of;the;famous;second;city;comedy;troupe;ad;lib;in;character;for;an;hour;and;a;half;about;a;movie;that;they;are;clearly;fond;of;i;laughed;the;whole;time;the;enjoyment;i;got;from;this;commentary;completely;made;up;for;the;tepid;reaction;i;had;to;the;film;itself;do;yourself;a;favor;and;listen;to;it;!;;;;;;;;;;;;;;;;;;;;;;;;;;;;;;;;;;;;;;;;;;;;;;;;;;;;;;;;;;;;;;;;;;;;;;;;;;;;;;;;;;;;;;;;;;;;;;;;;;;;;;;;;;;;;;;;;;;;;;;;;;;;;;;;;;;;;;;;;;;;;;;;;;;;;;;;;;;;;;;;;;;;;;;;;;;;;;;;;;;;;;;;;;;;;;;;;;;;;;;;;;;;;;;;;;;;;;;;;;;;;;;;;;;;;;;;;;;;;;;;;;;;;;;;;;;;;;;;;;;;;;;;;;;;;;;;;;;;;;;;;;;;;;;;;;;;;;;;;;
pos:;0.0;-0.27432387978550626;-0.24508453575148792;-0.03258300593456055;-0.2715325807690113;0.0;-0.253802545489485;-0.3940225477920004;-0.2143025929061351;0.5885781693997093;4.4039183968981215;0.2631791650908088;0.7678841658886626;0.8221088607723988;0.0;-0.040202452470967126;-0.43117379902354175;-0.5910782516854777;-1.0320010013009662;0.0;-0.1135231202475244;0.23723070380414263;-0.07224312040845243;-0.00664414945532398;-0.0461571337094835;0.0016213671418162648;-0.43084195589473856;0.0;0.0;0.0;-0.06337891949134344;0.7213561961122184;0.0;0.0;0.0;-0.146065015567332;0.4816205145467655;1.7948193914428636;0.0;0.9322554886894161;0.004100660710246288;0.2797177834514831;1.0956046638915453;-0.1789426782628232;0.0;0.0;0.0;0.0;0.0;0.15836110376323442;-1.4021072926632072;-0.654726025337583;0.052256133248135446;-0.37625226704452785;-0.07179328887492435;-0.08230821218878587;-0.15078869090918134;0.4266166053591937;0.29215519438221293;0.2022632098472004;0.1967120040228616;0.0;0.0;0.0;0.0;0.0;-0.2430395152634319;-0.45665916703912945;-1.470800149891269;0.0;-0.11757000611125056;0.5390215890204599;0.0;-0.00824408687330476;-0.27617298334028884;0.029252535173334905;0.040399291087881;0.3476312047904266;0.0;0.0;1.089372733714365;0.27533396195989135;-0.3664672186323155;-0.09432826818849566;0.0;0.06147745998845735;0.5454220169625376;-0.0003465983619838379;0.14957960626278094;0.329147177255316;-0.5665958733263721;-1.0650175111882507;-0.7677500554001924;-0.2877677327096546;0.16110037297420315;0.0;0.0;0.0;0.0;0.0;-0.49319915627301675;-0.08813066658502987;0.0;-0.4930148302243242;0.00017719291803146167;-0.005794624099699;-0.0087878876908903;0.015448004670711193;0.02478250972792341;0.0;-0.010774337716570223;-0.09688386647988183;0.0;0.0;0.011164223612010766;0.12993889553942947;0.6375045680166528;1.0937906175743815;0.32505035109829356;0.06368745344488953;0.2332573582885155;-0.05896326546867751;0.09711947118704298;0.21953772599734805;-0.06061479482823573;-0.26372795715218417;0.001588282444238004;-5.230897865724543;0.03219365891085926;0.10724629908408735;0.2483322725843621;0.0;-0.012744889824306398;-0.11039085212614741;-0.09781243506118595;-0.17006153080274397;-0.341205498184314;0.0;0.0;0.0;-0.045422077829624145;0.0;-0.06091248257604661;0.0;0.0;0.0;0.0;0.0;0.0;0.0;0.0;0.0;0.0;0.0;0.0;0.0;0.0;0.0;0.0;0.0;0.0;0.0;0.0;0.0;0.0;0.0;0.0;0.0;0.0;0.0;0.0;0.0;0.0;0.0;0.0;0.0;0.0;0.0;0.0;0.0;0.0;0.0;0.0;0.0;0.0;0.0;0.0;0.0;0.0;0.0;0.0;0.0;0.0;0.0;0.0;0.0;0.0;0.0;0.0;0.0;0.0;0.0;0.0;0.0;0.0;0.0;0.0;0.0;0.0;0.0;0.0;0.0;0.0;0.0;0.0;0.0;0.0;0.0;0.0;0.0;0.0;0.0;0.0;0.0;0.0;0.0;0.0;0.0;0.0;0.0;0.0;0.0;0.0;0.0;0.0;0.0;0.0;0.0;0.0;0.0;0.0;0.0;0.0;0.0;0.0;0.0;0.0;0.0;0.0;0.0;0.0;0.0;0.0;0.0;0.0;0.0;0.0;0.0;0.0;0.0;0.0;0.0;0.0;0.0;0.0;0.0;0.0;0.0;0.0;0.0;0.0;0.0;0.0;0.0;0.0;0.0;0.0;0.0;0.0;0.0;0.0;0.0;0.0;0.0;0.0;0.0;0.0;0.0;0.0;0.0;0.0;0.0;0.0;0.0;0.0;0.0;0.0;0.0;0.0;0.0
neg:;0.0;0.14021514893345374;0.27621055407012807;0.031526672271492986;0.14300805218660181;0.0;-0.00016978865014862326;0.5147834714675404;0.22223841619722873;-1.2054045635205488;-4.3816684563494395;0.04029683876208279;-0.4466229052061572;-1.013583633490389;0.0;0.0670055632172005;0.6402480604170281;0.8819346976072018;1.0582735515795962;0.0;0.09590627377634532;-0.2015983203078272;0.0615151209555619;0.01607877571949822;0.15195471835558122;0.12027901452032869;0.5573589771059948;0.0;0.0;0.0;0.044442560184972495;-0.5058293264986781;0.0;0.0;0.0;0.034125024858233974;-0.15310275222056888;-0.8679073753680435;0.0;-0.20579940568530253;-0.020678878466115453;0.19209647756019863;-0.24967477206304198;0.30395732695233857;0.0;0.0;0.0;0.0;0.0;0.0014038053126918869;-0.44802614465069385;-0.32698170380990393;-0.025229707533960727;-0.19066392703559829;0.16078288627319112;0.1116857631675299;0.10646092141580284;-0.14610784603356192;-0.1762125836964421;-0.037360730544540185;-0.03633534829555345;0.0;0.0;0.0;0.0;0.0;0.04617474282846374;0.2928308277492685;0.6221434886478477;0.0;-0.014964114036941086;-0.04433305319187373;0.0;-0.0015623084472123191;0.049252851849495224;-0.8867014721328622;-0.1874221677991609;-0.5063639696957271;0.0;0.0;-1.1141361930199614;-0.6166181166699606;0.1721435984420064;-0.17873608414833747;0.0;-0.05368454070274592;-0.45909197410988767;0.02389420933615574;-0.44039364720212526;-1.2389948298170461;0.15220108051992232;0.45744883586753343;0.12045882352740223;0.15907854852237074;-0.13549926563557585;0.0;0.0;0.0;0.0;0.0;1.5814097687638593;0.28386307923436;0.0;0.6373883350258844;-0.0017596987373431515;0.05754627682020405;0.08727230775005855;-0.15341377418195756;-0.2461145262514199;0.0;0.0762007845019279;0.6852046803761339;0.0;0.0;-0.021156231137605456;-0.042616371451871686;-0.5900731943954804;-0.5418202846092682;-0.5298155049953972;-0.02549801009768207;-0.09338728674629504;0.043445476117669524;-0.12068967516435125;-0.223450243446304;0.2171865414676228;-0.14340318379403988;0.050828261278293346;5.321879022914685;0.6906373986644635;-0.17715135247830713;-0.17661678602768272;0.0;0.029476956870085877;0.0998451660387207;-0.07963331486752155;0.15407993864161515;0.40582460143651733;0.0;0.0;0.0;-0.3988027376476782;0.0;-0.5348074321778529;0.0;0.0;0.0;0.0;0.0;0.0;0.0;0.0;0.0;0.0;0.0;0.0;0.0;0.0;0.0;0.0;0.0;0.0;0.0;0.0;0.0;0.0;0.0;0.0;0.0;0.0;0.0;0.0;0.0;0.0;0.0;0.0;0.0;0.0;0.0;0.0;0.0;0.0;0.0;0.0;0.0;0.0;0.0;0.0;0.0;0.0;0.0;0.0;0.0;0.0;0.0;0.0;0.0;0.0;0.0;0.0;0.0;0.0;0.0;0.0;0.0;0.0;0.0;0.0;0.0;0.0;0.0;0.0;0.0;0.0;0.0;0.0;0.0;0.0;0.0;0.0;0.0;0.0;0.0;0.0;0.0;0.0;0.0;0.0;0.0;0.0;0.0;0.0;0.0;0.0;0.0;0.0;0.0;0.0;0.0;0.0;0.0;0.0;0.0;0.0;0.0;0.0;0.0;0.0;0.0;0.0;0.0;0.0;0.0;0.0;0.0;0.0;0.0;0.0;0.0;0.0;0.0;0.0;0.0;0.0;0.0;0.0;0.0;0.0;0.0;0.0;0.0;0.0;0.0;0.0;0.0;0.0;0.0;0.0;0.0;0.0;0.0;0.0;0.0;0.0;0.0;0.0;0.0;0.0;0.0;0.0;0.0;0.0;0.0;0.0;0.0;0.0;0.0;0.0;0.0;0.0;0.0
while it 's true that the movie is somewhat interesting , the execution leaves a lot to be desired \( much like blood orgy of the leather girls , i spit on your grave , and born in flames , all superior \) i do n't think it 's not porn , but porn is in the eye of the beholder if it functions as porn for somebody , who am i to say that he she is wrong \? i was rather puzzled by the statement in winkimation 's generally thoughtful review \( such a shame \) that for once we actually see men 's faces when they come a few years ago i did occasional freelance reviews for an adult mag and i recall seeing plenty of men 's faces when they came i think this is probably more common when the film features on of the few male porn stars \( and especially when that male is the director \) though i unsurprisingly ca n't refer to any specific titles , i know that there are some instances in ron jeremy 's , uh , work i also do n't know that i 'd agree that a man is necessarily showing vulnerability in his face when coming;score pos:;-0.35967517;score neg: ;-0.72366315;actual class:;neg
Words:;while;it;'s;true;that;the;movie;is;somewhat;interesting;,;the;execution;leaves;a;lot;to;be;desired;\(;much;like;blood;orgy;of;the;leather;girls;,;i;spit;on;your;grave;,;and;born;in;flames;,;all;superior;\);i;do;n't;think;it;'s;not;porn;,;but;porn;is;in;the;eye;of;the;beholder;if;it;functions;as;porn;for;somebody;,;who;am;i;to;say;that;he;she;is;wrong;\?;i;was;rather;puzzled;by;the;statement;in;winkimation;'s;generally;thoughtful;review;\(;such;a;shame;\);that;for;once;we;actually;see;men;'s;faces;when;they;come;a;few;years;ago;i;did;occasional;freelance;reviews;for;an;adult;mag;and;i;recall;seeing;plenty;of;men;'s;faces;when;they;came;i;think;this;is;probably;more;common;when;the;film;features;on;of;the;few;male;porn;stars;\(;and;especially;when;that;male;is;the;director;\);though;i;unsurprisingly;ca;n't;refer;to;any;specific;titles;,;i;know;that;there;are;some;instances;in;ron;jeremy;'s;,;uh;,;work;i;also;do;n't;know;that;i;'d;agree;that;a;man;is;necessarily;showing;vulnerability;in;his;face;when;coming;;;;;;;;;;;;;;;;;;;;;;;;;;;;;;;;;;;;;;;;;;;;;;;;;;;;;;;;;;;;;;;;;;;;;;;;;;;;;;;;;;;;;;;;;;;;;;;;;;;;;;;;;;;;;;;;;;;;;;;;;;;;;;;;;;;;;;;;;;;;;;;;;;;;;;;;;;;;;;;;;;;;;;;;;;;;;;;;;;;;;;;;;;;;;;;;;;;;;;;;;;;;;;;;;;;;;;;;;;;;;;;;;;;;;;;;;;;;;;;;;;;;;;;;;;;;;;;;;;;;;;;;;;;;;;;;;;;;;;;;;;;;;;;;;;;;;;;
pos:;0.0;0.0;0.0;0.0;0.0;-0.17925940984678243;-0.4883913663642252;0.0011904106094247878;-0.4137989726373611;0.8621825668429557;0.0;0.053562751571905404;-1.0630478665960224;-0.5062736608589563;0.0;0.9014748082268268;0.0;-0.22196802864638812;-0.4522052199919753;0.0;0.0;-0.046371348101301633;0.113233965697833;0.42535103883011005;0.0;-0.004814357539015436;0.004851862115553516;-0.0954599752122734;0.0;-0.009212968968318812;-0.475473107960951;-0.05746887826183701;0.0023851298365913723;-0.0567501287974214;0.0;0.0;0.47487885366592597;0.0334217122318685;0.19329962989105023;0.0;-0.13137876154428751;0.5999823663045989;0.0;0.2215150349132274;0.134895585458264;0.0;0.0;0.0;0.0;-0.021973796781688485;-0.4029859505571623;0.0;0.0;0.4538582037553743;0.2742241339121219;0.04189059275853519;0.0;0.0;0.0;-0.03129253237990667;0.7232618248387095;-0.0038598402250662883;0.3583559270815013;0.022011179234825717;0.008471074430647804;-0.25688027296446136;0.09269257417197264;-0.004661490512089141;0.0;0.0;0.0;0.0;0.0;0.0;0.0;0.0;0.022334192920488632;-0.11006243156928258;-1.3364260372765204;0.0;-0.2326779307413127;-0.023455271772438363;-0.15262688876821312;-0.5648215648676264;0.0;0.0;0.0;-0.00871755261852787;0.0;0.0;0.4281135209130597;5.095484483212451;0.9330211305133478;0.0;-0.0809984885598239;0.0;-0.14569389024622728;0.0;0.001759909349481875;0.0;0.0;0.0;0.0;0.0;0.0;0.0;-0.33395061684986604;-0.09900909756147719;0.0;0.0;0.0;0.1409631466665361;0.6116939910211158;-0.13798096921332617;0.08478655070867197;-0.20166034323003681;0.3000771426381867;0.024856147574200863;0.6687161602530669;0.05287140158881661;0.048900592087349655;-0.9325378669215468;-0.954677701674475;0.0;0.03747269271668566;-0.7500467072141036;-0.037363363296607874;-0.056055677875997856;0.0;0.01309757010321116;0.0;-0.5348762973395959;-0.019271610555822355;-0.0961216217966765;-0.10282887790713273;0.6388492982098651;0.5772598382615985;0.3537815881503616;0.12606181657012266;0.10878536552705122;0.0;0.16436005460067749;0.04128333948191266;-0.02486520811228014;0.031546334896210185;-0.1564393023416017;0.0;0.0;0.0;0.0;-0.2637572860605667;-0.11506052437453058;-0.07517338774164047;0.0;0.0;0.0;0.0;0.0;0.0;0.1324832270846367;-0.09418376070663996;-1.593012870556237;0.0;0.0;-0.09506077194337974;-0.4257427626425093;-0.892576388417356;-1.119971636926674;-0.5418600196767231;0.0;-0.2106099000205831;-0.01840460851243648;-0.06250257265638973;0.0;0.0;0.0;0.0;0.0;0.0;0.0;0.0;0.0;0.21934784076659125;0.12154313955199396;0.0;0.0;0.022969849356512615;0.0;0.008359337718451123;0.008935526281581748;0.1747634730735302;0.0;0.0;0.0;0.0;0.0;0.0;0.0;0.0;0.0;-0.10634624389957494;-0.183711672324291;-0.09698165598430673;0.2293418747795826;1.3861152886482;0.1560590830982727;0.4294171138282044;0.1284563531728776;0.0;0.0;0.0;0.0;0.0;0.0;0.0;0.0;0.0;0.0;0.0;0.0;0.0;0.0;0.0;0.0;0.0;0.0;0.0;0.0;0.0;0.0;0.0;0.0;0.0;0.0;0.0;0.0;0.0;0.0;0.0;0.0;0.0;0.0;0.0;0.0;0.0;0.0;0.0;0.0;0.0;0.0;0.0;0.0;0.0;0.0;0.0;0.0;0.0;0.0;0.0;0.0;0.0;0.0;0.0;0.0;0.0;0.0;0.0;0.0;0.0;0.0;0.0;0.0;0.0;0.0;0.0;0.0;0.0;0.0;0.0;0.0;0.0;0.0;0.0;0.0;0.0;0.0;0.0;0.0;0.0;0.0;0.0;0.0;0.0;0.0;0.0;0.0;0.0;0.0;0.0;0.0
neg:;0.0;0.0;0.0;0.0;0.0;-0.02850042267434149;-0.31766664814166;-0.49613133822020133;-0.13245824597110262;-0.9906721453577314;0.0;-0.12166250116311483;0.9655825446602525;0.8711746583060223;0.0;-0.14274464335056147;0.0;0.20584032771503008;0.41934899924656277;0.0;0.0;0.0523957208146718;-0.03399759890407499;-0.16346077339785178;0.0;0.0017303382538558648;-0.09648883156523871;0.5418614299590446;0.0;0.009296978773266256;1.1297724368258246;0.06577725562010575;0.06492164038321109;0.1273835907776823;0.0;0.0;-0.581201935331714;-0.03685991556630969;-0.767845626936516;0.0;0.17294401971252343;-2.2736711293674308;0.0;-0.2407876707593788;-0.1466320055022081;0.0;0.0;0.0;0.0;0.011549489394398853;0.21181054909592398;0.0;0.0;0.0032865870337654623;0.0019857776622826374;0.0003033482216643102;0.0;0.0;0.0;0.02210343473138527;-0.30945817848506757;0.36576286784028883;-0.7290818701894263;0.11334730828284335;0.08726353378642375;0.43994688511977814;-0.039239923735401416;0.008240356172768411;0.0;0.0;0.0;0.0;0.0;0.0;0.0;0.0;-0.1579570890135785;0.6984989313193778;1.9260684360989162;0.0;0.1828210907954196;0.05195184247085088;0.22914497465503617;0.8067278644195173;0.0;0.0;0.0;0.08657381178643801;0.0;0.0;-0.5647480001096703;-3.3740503351618583;-0.413557354816322;0.0;0.053108171086182085;0.0;0.11980970776081341;0.0;-0.12373824997568068;0.0;0.0;0.0;0.0;0.0;0.0;0.0;-0.00022340605111696124;-6.623503714265541e-05;0.0;0.0;0.0;-0.09499642281331577;-1.0196494063958754;-1.0905164734622272;-0.3947182252804768;-0.07946134387313433;0.06756211324695144;0.14516391226374342;-0.25233151049232855;-0.04087284218047851;-0.11154520755048047;0.4499818531617742;0.5030981665673333;0.0;-0.02338808790567072;0.6295838339242783;0.05306013852449128;-0.15456906098919096;0.0;-0.10857515469711375;0.0;0.08225131451789786;-0.03279638154523405;0.039455404003106626;0.03235179963898123;-0.9086792111315835;-1.2684992178704118;-0.9046423230205842;-0.20847193633037508;-0.12551386096249487;0.0;-0.31146270674661813;-0.004978365219922004;0.027650041413362567;-0.6853662314302856;-0.9066641412091292;0.0;0.0;0.0;0.0;0.6020039299846119;0.26261601677100943;0.17157696580307072;0.0;0.0;0.0;0.0;0.0;0.0;-0.003954038920945782;0.04928518804397148;0.7101629438539546;0.0;0.0;0.06823852874847379;0.4679742206390724;0.7898968355040703;1.0926291131475283;0.5550228645876921;0.0;0.4305077070776991;0.06868212804330093;0.233246455382146;0.0;0.0;0.0;0.0;0.0;0.0;0.0;0.0;0.0;-0.130279601341478;-0.07218941253894084;0.0;0.0;0.18549750635437337;0.0;-0.014106053064062946;-0.015078348564038611;-0.2949064755924148;0.0;0.0;0.0;0.0;0.0;0.0;0.0;0.0;0.0;0.040681329799261215;0.07027643718997552;0.021756535029940665;0.005552689536909387;-0.5416305849608379;0.10531632944730489;-0.26703409530489003;-0.09809965897605688;0.0;0.0;0.0;0.0;0.0;0.0;0.0;0.0;0.0;0.0;0.0;0.0;0.0;0.0;0.0;0.0;0.0;0.0;0.0;0.0;0.0;0.0;0.0;0.0;0.0;0.0;0.0;0.0;0.0;0.0;0.0;0.0;0.0;0.0;0.0;0.0;0.0;0.0;0.0;0.0;0.0;0.0;0.0;0.0;0.0;0.0;0.0;0.0;0.0;0.0;0.0;0.0;0.0;0.0;0.0;0.0;0.0;0.0;0.0;0.0;0.0;0.0;0.0;0.0;0.0;0.0;0.0;0.0;0.0;0.0;0.0;0.0;0.0;0.0;0.0;0.0;0.0;0.0;0.0;0.0;0.0;0.0;0.0;0.0;0.0;0.0;0.0;0.0;0.0;0.0;0.0;0.0
water shows the plight of indian widows in the late 1930s , says in the end that the problem still exists largely by giving statistics in the end , refers to gandhi several times in the movie before finally having a scene depicting him and does nothing extra ordinarily innovative or new in the movie yes , the cinematography is pretty impressive but that cannot be the soul of any movie for me br br india has had several problems like many other nations but it has got rid of many of these problems at large what if a movie is made on racism in america in a particular year which ends with 'x number of americans still experience racism today' br br a \) how would it be relevant , and , b \) how would it be some thing so extra ordinary being depicted in cinema br br a view i read from a deepa mehta interview was that this movie is being interpreted as a voice for the marginalised every where from reviews i read every where , the common thing i am hearing is how the director did a great job and was brave in bringing a problem to the world the movie is more about a specific problem a society faced \( and has got rid of through reforms at large \) br br i do not see any thing earth shattering about the movie moreover , the movie lacked soul and shifted between the plots of chuiyya and kalyani sarala , the young sri lankan actress , portrayed the role of chuiyya superbly and that was the only thing which impressed me about the movie , sadly;score pos:;-0.804853;score neg: ;-2.2600012;actual class:;neg
Words:;water;shows;the;plight;of;indian;widows;in;the;late;1930s;,;says;in;the;end;that;the;problem;still;exists;largely;by;giving;statistics;in;the;end;,;refers;to;gandhi;several;times;in;the;movie;before;finally;having;a;scene;depicting;him;and;does;nothing;extra;ordinarily;innovative;or;new;in;the;movie;yes;,;the;cinematography;is;pretty;impressive;but;that;cannot;be;the;soul;of;any;movie;for;me;br;br;india;has;had;several;problems;like;many;other;nations;but;it;has;got;rid;of;many;of;these;problems;at;large;what;if;a;movie;is;made;on;racism;in;america;in;a;particular;year;which;ends;with;'x;number;of;americans;still;experience;racism;today';br;br;a;\);how;would;it;be;relevant;,;and;,;b;\);how;would;it;be;some;thing;so;extra;ordinary;being;depicted;in;cinema;br;br;a;view;i;read;from;a;deepa;mehta;interview;was;that;this;movie;is;being;interpreted;as;a;voice;for;the;marginalised;every;where;from;reviews;i;read;every;where;,;the;common;thing;i;am;hearing;is;how;the;director;did;a;great;job;and;was;brave;in;bringing;a;problem;to;the;world;the;movie;is;more;about;a;specific;problem;a;society;faced;\(;and;has;got;rid;of;through;reforms;at;large;\);br;br;i;do;not;see;any;thing;earth;shattering;about;the;movie;moreover;,;the;movie;lacked;soul;and;shifted;between;the;plots;of;chuiyya;and;kalyani;sarala;,;the;young;sri;lankan;actress;,;portrayed;the;role;of;chuiyya;superbly;and;that;was;the;only;thing;which;impressed;me;about;the;movie;,;sadly;;;;;;;;;;;;;;;;;;;;;;;;;;;;;;;;;;;;;;;;;;;;;;;;;;;;;;;;;;;;;;;;;;;;;;;;;;;;;;;;;;;;;;;;;;;;;;;;;;;;;;;;;;;;;;;;;;;;;;;;;;;;;;;;;;;;;;;;;;;;;;;;;;;;;;;;;;;;;;;;;;;;;;;;;;;;;;;;;;;;;;;;;;;;;;;;;;;;;;;;;;;;;;;;;;;;;;;;;;;;;;;;;;;;;;;;;;;;;;;;;;;;;;;;;;;;;;;;;;;;;;;;;;;;;;;;;;;;;;;;;;;;;;;;;;;;;;;
pos:;0.43029401267415907;0.2520464735228653;0.007467162259063425;0.3678848122025916;0.0;0.0;0.022181007739399246;0.010521242083180702;0.008247461433285993;0.018062159234430185;0.0;0.0;0.0;0.0;0.0;0.0;0.0;-0.00497056269467476;-0.0011957605116066257;-0.06759728405291913;-0.02443061685953408;0.0;0.0;0.0;0.0;0.0025039024698539393;-0.0015296942119685162;0.022959722969766463;0.0;0.26592619314751054;0.0;0.1976521050111541;0.5460850034252749;0.15819853574571371;0.12540227518434938;-0.012332270670473716;0.0;0.0;0.0;0.0;0.0;0.13997342444078867;0.3105037248204368;0.29601736119939326;0.0;-1.1239452687980642;-2.2382802373882438;-0.3372438210350588;-0.26876377931181106;-0.43358345455887837;-0.14068508967512375;0.010884352079583834;0.0;0.0;0.0;0.0;0.0;-0.12950363465749554;-0.6996321105076281;-0.15179129750556072;1.541360563929422;2.658925726687868;-0.5140168329443335;0.4266692520045875;-0.8021049611799708;-0.16310589982189674;-0.01657323249292533;-0.06340205440712808;0.0;-0.003659601703796597;0.41237107053773836;-0.08284911517850124;0.4286612361879012;0.0;0.0;0.0;0.0;0.10042339398311138;0.2862971169245789;0.49712121076362303;0.0;0.0;0.0;0.0;-4.4181768479238485e-05;0.34394664957250887;0.025617243515713987;0.5603535845651274;0.0;0.0;0.0;0.0;0.0;-0.4675533253538848;-0.09676081263758526;-0.3151238201699547;0.0;0.0;0.0;0.0;0.0;0.0;0.0;0.0;0.1267111773133398;0.5759233091731645;0.05504538532232689;0.0;0.0;-0.032050918931923376;-0.018044105299178763;-0.34263116637703905;0.0;0.0;0.09669614166842802;0.0;2.008500198418152;-0.07466504153736125;0.4343513954660474;0.3092194346118148;0.0;-0.4634348381892004;0.0;0.0;0.0;0.0;-0.23407169689952426;0.052170913318394185;-0.27569671807124313;-0.8207476383136988;0.0;0.0;0.0;-0.15999170922246123;0.0;-0.32982555227464294;-0.5640877084817435;-0.024002137904669242;0.0;0.0;0.0;0.0;0.0;0.0;0.0;-0.04713163813910189;0.3064160169019703;0.7692882716404468;0.279280335824374;1.586175644819432;0.0;0.25437354598057105;0.5809154777434844;0.0;0.0;0.0;0.0;0.0;-0.5805549676230158;-0.29570913946250965;-0.11573094521222678;0.027992597632500657;-0.6328162893603463;0.07148160432234922;-0.23705218143013523;-0.1820439815036861;0.0;0.0;0.0;0.0;0.0;0.0;0.0;0.0;-0.005909214873451978;0.06525966920128222;0.47425303536091323;0.4063030588177985;-0.10899638517044087;0.0;0.0;0.0;0.0;-0.2053415731948821;-0.5597949436898155;-0.6556196825684071;-0.4041642957539366;0.0;0.17501940382203957;-0.10679251454078477;-1.6813318300761142;0.34438495631817934;0.0;1.1802400527497898;2.125505144124043;0.0;0.08649503188191106;0.556441923345278;0.1137730103222758;0.14414352536154929;0.0;0.0;0.0;0.0;0.0;0.0;0.0;0.0;0.0;0.0;0.0;-0.19535928613615927;-0.17953271542137691;0.0;0.0;0.0;0.0;0.0;0.0;0.0;0.0;0.0;0.0;0.0;0.0;0.0;0.0;-0.35918994378570207;-0.23726593239201124;-0.5573283844952376;-0.28412694480085;-0.08134397291975763;0.0;-0.05158824626034546;-0.37589525052929074;-0.2444845262707752;-0.7241257702768843;0.02298591275484828;0.0;0.0;0.0;0.0;-0.0516511101228967;-1.6739168268500386;-5.199909192749649;-1.5949298919192851;0.0;0.0;0.0;0.0;0.0;0.0;0.0;0.0;0.0;0.0;0.0;0.0;0.0;0.0;-0.08761381947111523;-0.7957840970582749;0.0;0.0;0.10223680730147718;0.1261962750268145;0.0;0.0;3.6400449610096546;0.0;0.13048526281187992;0.3771346707993659;0.0;0.0;0.0;0.11160793310420174;0.7286430855236009;0.4189465582541308;0.2091730927512066;0.055888991089201985;-0.313592261036097;0.0;-1.180624179577251;0.0;0.0;0.0;0.0;0.0;0.0;0.0;0.0;0.0;0.0;0.0;0.0;0.0;0.0;0.0;0.0;0.0
neg:;-0.06460297981498588;-0.1297265782593099;0.027101249049273475;-0.03109108944580602;0.0;0.0;-0.5640295454007658;-0.26753930474885396;-0.20972049500996393;-0.4592934451691342;0.0;0.0;0.0;0.0;0.0;0.0;0.0;-0.04364120060119484;-0.01049869553278547;-0.5934995320771074;-0.2144991456038006;0.0;0.0;0.0;0.0;-0.04979503083878538;0.0304209813984197;0.44883864520978084;0.0;-0.23416025637355267;0.0;-0.050156132339123825;-0.5814864439550204;-0.2466881589134665;-0.19554704626667327;0.019230425443455056;0.0;0.0;0.0;0.0;0.0;-0.147545009340325;-0.3327755415716141;-0.2075732672075245;0.0;0.930664790810144;1.9020886080589394;0.3245292843672553;0.11491499394310986;0.47048321056582987;0.08622912806362244;-0.03687384044460047;0.0;0.0;0.0;0.0;0.0;-0.09355837091628953;-1.3401385689389977;-0.4209346241076768;-0.625635306214497;-5.01595479611386;0.3613772388862519;-0.31223912055082376;0.5278607363523767;0.10733906976057914;0.010906750526246688;0.04172453325356129;0.0;0.00319570842159378;-0.3600986690906649;0.07234711220700742;-0.3743238836825631;0.0;0.0;0.0;0.0;-0.06767629285216974;-0.1929383857607734;-0.3350147740308604;0.0;0.0;0.0;0.0;6.8661207993171215e-06;-0.05345144220726929;-0.003981078498632295;-0.08708242187631737;0.0;0.0;0.0;0.0;0.0;0.17885625603687813;0.03701455158370539;0.12054639248042341;0.0;0.0;0.0;0.0;0.0;0.0;0.0;0.0;-0.10390764630415496;-0.47227747998821257;-0.04513916254289367;0.0;0.0;0.07315353992611758;0.041184160124651106;0.7820269603730472;0.0;0.0;-0.0878387273165804;0.0;-1.4396144635702224;0.028508590982198764;-0.16421786081931447;-0.11610643712709463;0.0;0.040479652416480064;0.0;0.0;0.0;0.0;0.03811176510111576;-0.008494515226908462;0.019216008767444375;0.3588212351544666;0.0;0.0;0.0;0.10633843429213317;0.0;0.21921843943585878;0.3749207006719359;0.015953012670784528;0.0;0.0;0.0;0.0;0.0;0.0;0.0;0.108245260625309;-0.05527211669230395;-0.03281258707956787;0.13772417998190395;0.3926482307097757;0.0;0.03237624013077341;0.07393795188333982;0.0;0.0;0.0;0.0;0.0;0.538373141036835;0.27422357420789256;0.10732219335607716;-0.10961391259955848;0.5605204107543956;-0.029341323259133835;0.09730370142867395;0.07472427849537538;0.0;0.0;0.0;0.0;0.0;0.0;0.0;0.0;0.02408992182047829;-0.12437387779235438;-0.7430143598348704;-0.49771996401765145;-0.4164404759254994;0.0;0.0;0.0;0.0;0.31103969571610113;0.7479402690534342;0.8727722340663752;0.4623473813836204;0.0;0.07031916854151873;0.08266244336900497;1.0652911707079658;-0.030693585697299495;0.0;-1.0706116617005406;-1.6654095882348199;0.0;-0.022441732148392606;-0.2967011226055797;-0.09318657300837471;-0.27315233423464025;0.0;0.0;0.0;0.0;0.0;0.0;0.0;0.0;0.0;0.0;0.0;0.3248549947185498;0.2888350178294812;0.0;0.0;0.0;0.0;0.0;0.0;0.0;0.0;0.0;0.0;0.0;0.0;0.0;0.0;0.19533870638011464;0.1648709922534746;0.2697557464907977;0.16744860168773268;-5.441743436077544e-05;0.0;0.34365535857215657;0.465631849569535;-0.20716528601580347;-0.45603981940758154;-0.07098018085557892;0.0;0.0;0.0;0.0;0.053217731998918875;1.2645649663194596;3.1146803050641223;1.2079642607678973;0.0;0.0;0.0;0.0;0.0;0.0;0.0;0.0;0.0;0.0;0.0;0.0;0.0;0.0;0.04605006994638579;0.4182663597246389;0.0;0.0;-0.15695741568109395;-0.2837408311319849;0.0;0.0;-7.054409609281036;0.0;-0.43918227910301305;-0.0805482420752661;0.0;0.0;0.0;-0.2013735524656191;-1.2806482223446158;-1.0926972617153685;-0.34525997413650583;-0.09339105638364321;0.5649056613084067;0.0;1.2318001700653574;0.0;0.0;0.0;0.0;0.0;0.0;0.0;0.0;0.0;0.0;0.0;0.0;0.0;0.0;0.0;0.0;0.0
revenge of the zombies is a pretty weak and barely passable zombie effort br br spoilers br br traveling in the bayou , larry adams , \( robert lowery \) and scott warrington , \( mauritz hugo \) are informed that a friend has deceased meeting with local dr von altermann , \( john carradine \) he repeats the notion that they mysteriously died while they are staying there , they realize that the help consists of zombies , reanimated dead people who are doing the bidding of their master as the bodies pile up , he reveals that he has been making the creatures for use in various experiments and all try to stop him before it 's too late br br the good news this here gets very little right the opening is easily it 's best , as it 's got several great marks for it from where it starts , with the creepy silhouettes walking in the dark all the way through to the revelations , this one works wonders for both it 's mystery and great imagery the big one is a really scene where the creature emerges from a coffin in a long , slow and creepy shot these here are all done before the opening credits and is a fun sight the scenes in the middle where the creature reawakens inside the coffin is pretty chilling and looks really great the last big positive is the really fun ending with the sort of ending that feels reminiscent of so many universal attempts , this one fits in with that style from the creepy reanimation to the real action involved near the swamp , this one is fun and really works with the others to give it 's only real positives br br the bad news this one here only has a couple flaws , but they are major ones the first one is the film 's major boredom from inactivity almost nothing happens in here , mainly due to the tendency to do everything with talking rather than anything else there 's only intermittent scenes relegated to the zombies , yet there 's nothing here that devotes any action to the film this one simply does n't have any action , and that 's what hurts the film it rarely generates a scenes that keeps the interest going , and at times this makes it feel a lot longer than it really is the last flaw in the film are it 's pathetic excuses for zombies those used to more modern fare will have a hard time getting any fear out of these creatures , and they really only serve several scenes this here does n't treat the zombies as threats , making them even less frightening little screen time , nonthreatening nature and un modern behavior from these zombies really destroys this one these here are what really hurt the film br br the final verdict with bad zombies and hardly anything worth watching , this one here is a curious effort those used to modern zombies will find little of interest in this one and come out the same as this one is , while only classic horror fans are advised to give it a shot br br today 's rating pg mild violence;score pos:;-0.484814;score neg: ;-1.3797348;actual class:;neg
Words:;revenge;of;the;zombies;is;a;pretty;weak;and;barely;passable;zombie;effort;br;br;spoilers;br;br;traveling;in;the;bayou;,;larry;adams;,;\(;robert;lowery;\);and;scott;warrington;,;\(;mauritz;hugo;\);are;informed;that;a;friend;has;deceased;meeting;with;local;dr;von;altermann;,;\(;john;carradine;\);he;repeats;the;notion;that;they;mysteriously;died;while;they;are;staying;there;,;they;realize;that;the;help;consists;of;zombies;,;reanimated;dead;people;who;are;doing;the;bidding;of;their;master;as;the;bodies;pile;up;,;he;reveals;that;he;has;been;making;the;creatures;for;use;in;various;experiments;and;all;try;to;stop;him;before;it;'s;too;late;br;br;the;good;news;this;here;gets;very;little;right;the;opening;is;easily;it;'s;best;,;as;it;'s;got;several;great;marks;for;it;from;where;it;starts;,;with;the;creepy;silhouettes;walking;in;the;dark;all;the;way;through;to;the;revelations;,;this;one;works;wonders;for;both;it;'s;mystery;and;great;imagery;the;big;one;is;a;really;scene;where;the;creature;emerges;from;a;coffin;in;a;long;,;slow;and;creepy;shot;these;here;are;all;done;before;the;opening;credits;and;is;a;fun;sight;the;scenes;in;the;middle;where;the;creature;reawakens;inside;the;coffin;is;pretty;chilling;and;looks;really;great;the;last;big;positive;is;the;really;fun;ending;with;the;sort;of;ending;that;feels;reminiscent;of;so;many;universal;attempts;,;this;one;fits;in;with;that;style;from;the;creepy;reanimation;to;the;real;action;involved;near;the;swamp;,;this;one;is;fun;and;really;works;with;the;others;to;give;it;'s;only;real;positives;br;br;the;bad;news;this;one;here;only;has;a;couple;flaws;,;but;they;are;major;ones;the;first;one;is;the;film;'s;major;boredom;from;inactivity;almost;nothing;happens;in;here;,;mainly;due;to;the;tendency;to;do;everything;with;talking;rather;than;anything;else;there;'s;only;intermittent;scenes;relegated;to;the;zombies;,;yet;there;'s;nothing;here;that;devotes;any;action;to;the;film;this;one;simply;does;n't;have;any;action;,;and;that;'s;what;hurts;the;film;it;rarely;generates;a;scenes;that;keeps;the;interest;going;,;and;at;times;this;makes;it;feel;a;lot;longer;than;it;really;is;the;last;flaw;in;the;film;are;it;'s;pathetic;excuses;for;zombies;those;used;to;more;modern;fare;will;have;a;hard;time;getting;any;fear;out;of;these;creatures;,;and;they;really;only;serve;several;scenes;this;here;does;n't;treat;the;zombies;as;threats;,;making;them;even;less;frightening;little;screen;time;,;nonthreatening;nature;and;un;modern;behavior;from;these;zombies;really;destroys;this;one;these;here;are;what;really;hurt;the;film;br;br;the;final;verdict;with;bad;zombies;and;hardly;anything;worth;watching;,;this;one;here;is;a;curious;effort;those;used;to;modern;zombies;will;find;little;of;interest;in;this;one;and;come;out;the;same;as;this;one;is;,;while;only;classic;horror;fans;are;advised;to;give;it;a;shot;br;br;today;'s;rating;pg;mild;violence;;;;;;;;;;;;;;;;;;;;;;;;;;;;;;;;;;;;;;;;;;;;;;;;;;;;;;;;;;;;;;;;;;;;;;;;;;;;;;;;;;;;;;;;;;;;;;;;;;;;;;;;;;;;;;;;;;;;;;;;;;;;;;;;;;;;;;;;;;;;;;;;;;;;;;;;;;;;;;;;;;;;;;;;;;;;;;;;;;;;;;;;;;;;;;;;;;;;;;;;;;;;;;;;;;;;;;;;;;;;;;;;;;;;;;;;;;;;;;;;;;;;;;;;;;;;;;;;;;;;;;;;;;;;;;;;;;;;;;;;;;;;;;;;;;;;;
pos:;0.0;0.0;0.0;0.0;-0.8425956087109546;0.0;-1.8686052769739516;-4.915891898178934;0.0;-1.3148361907156982;-1.4709703847888902;-3.1185000699555157;-1.3761947286179945;-0.4830762408888285;-0.7855275424096545;-0.6428227575215745;-0.14841589335922606;-0.04127949579727291;0.0;0.0;0.0;0.0;0.0;-0.21429142559366143;-0.10318564625331637;0.0;0.0;0.5217992440360412;0.0;0.0;0.0;0.0;0.0;0.0;0.0;0.0;0.0;0.0;0.0;0.0;0.0;0.0;0.11089048868141962;0.06459733563820491;0.05181468419763219;0.0;0.0;0.0892701917766631;0.4966837062489838;0.13366047865459346;0.0;0.0;0.0;0.2374972313327794;0.0;0.0;0.02918113644603168;-0.7362558844270112;0.12768540730180056;-1.5562288054773126;-0.004133263376007132;0.05399989450812955;0.1690024264711234;0.5342019941910653;0.0;0.0;0.0;0.0;0.0;0.0;0.0;0.0;0.0;0.0;-0.07661861889950816;-0.4828065372293424;0.0;-0.8913500412230416;0.0;0.5506432122976239;0.12327643227892976;0.24502474392330315;0.06309763601364832;0.0;0.0;0.09892752024718461;0.18643018614855658;0.0;0.2862793171723557;0.7643588123287337;0.0;-0.010281565886102174;-0.29146011988010034;-1.6397317014861479;0.18453841418330225;0.0;0.18858650031681987;0.6302283338156603;0.0;0.0;0.0;0.0;0.0;0.0;0.0;0.0;0.0;0.0;0.2811436925999956;0.19390735441021176;0.0;0.10212523414181562;-0.7082549603005415;0.0;-0.1786873850210192;0.19621272057266223;0.0;0.0;0.0;0.24837754015886276;0.0870920733008349;0.45213313439261904;1.0495204316726652;0.03904187739475173;-0.2806819423260772;-0.25894423225271546;0.016660515294927517;0.0;0.0;0.7604501959674494;0.28208998823037773;0.38262940338191037;0.2663383841259444;0.34595474408723415;0.28815426668822613;0.3198263103463811;0.29959579163021344;0.0;0.450802905882252;0.0;0.2623803466249783;0.3635076900602506;0.0;0.490806900929888;-0.12230301509520164;0.7685452790035625;0.39191303800968974;0.054865976560936607;-0.00361460435152503;0.43887221540034327;-0.019359055226674474;-0.027833667925355857;-0.2814851112701079;0.0;0.0;-0.01602756106732654;0.24041811967689491;0.08276517424135199;-0.4186146650489801;0.22285271906616144;0.0;0.0;0.0;0.0;0.0;0.0;0.0;0.0;0.0;0.0;0.0;0.0;0.0;0.0;0.0;0.0;0.0;0.0;0.32596873101635726;0.0;0.3253501730114533;-0.18319307093457404;0.02780127580889789;-0.22885889197456025;-0.06954590248355691;0.0;0.0;0.0;0.0;-0.01314478982710508;-0.0032132119113960737;-0.16017986012252497;-0.19960297664930413;0.0;0.0;0.0;0.0;0.0;0.0;0.0;-0.7641454872704043;0.0;-0.18551163698139522;-0.46125677789453184;-0.04346854942672064;0.05337398246102681;0.0;0.0;0.0;-0.22822996013850586;-0.029829867129567453;-0.4506912209637172;-0.3751698591241725;0.0;1.8977221986626616;0.0;2.3354164792294942;-0.3180136645529165;0.0;0.0;0.0;0.0;0.0;0.0;0.0;0.0;0.0;0.0;0.001674797889949258;-0.14991515061787317;-0.16542362623317833;1.8196983836422211;1.9583510159028594;0.0;0.3528479178711717;0.7398614759959125;1.7241231145069544;0.09572168074359136;0.8119382997390628;0.47529147070748307;0.41649262900122835;0.34328684592443276;0.08172212499486214;0.25852385330637684;0.7308855923765512;0.12241006677288598;0.0007831967447316473;0.0;0.0;0.0;-0.15251296571922576;-0.03138649749333439;-0.049731345326577116;0.20497869308164243;0.0;0.06602763233384049;0.037799852640486006;0.08321244576845048;-0.03149701795300545;0.0;-0.12937363726294168;-0.04111209745387526;-0.35447287432819236;0.007807018467422643;0.0;0.0;0.0;0.0;0.0;0.0;0.0272423880309234;0.0;0.020717159092951385;0.09981539322797658;-0.10192034502654315;0.2290957581154463;0.16070011203835421;0.057340156924707904;0.0;0.0;0.0;0.0;0.0;0.0;0.0;0.0;0.0;0.0;0.0;0.0;0.0;0.0;0.0;0.0;0.04187368260351229;-0.24922081383511702;0.08577979748019429;-0.21947265163555796;0.0;0.0
neg:;0.0;0.0;0.0;0.0;-0.07885815200227396;0.0;0.5861496059829245;1.0941112515197697;0.0;1.2683755775826615;2.3248970287086066;1.9288660542131806;0.8800333758383857;0.6476345548989397;0.7491709530300764;0.19394833703371456;0.19596662078806162;0.05200119687670662;0.0;0.0;0.0;0.0;0.0;0.18103706175533169;0.08717299892552495;0.0;0.0;-0.3592502214017967;0.0;0.0;0.0;0.0;0.0;0.0;0.0;0.0;0.0;0.0;0.0;0.0;0.0;0.0;-0.47172760952819565;-0.27479675745722254;-0.22041941924549288;0.0;0.0;-0.07119105163749567;-0.19440708330551418;0.09798925030208919;0.0;0.0;0.0;-0.14105926235519115;0.0;0.0;0.10682564493874112;0.5226974705568938;-0.10971922437576453;1.5162813224744787;0.018541612323199255;-0.04382973740183994;-0.12019648144632336;-0.37993064019318384;0.0;0.0;0.0;0.0;0.0;0.0;0.0;0.0;0.0;0.0;0.23659723607211042;1.0503563795597088;0.0;2.2013567549052735;0.0;0.5289842792702927;0.07950715389280269;-0.1285737496465992;-0.09022790383854566;0.0;0.0;-0.039606779259656104;-0.07463948567266969;0.0;-0.11461524248782774;-0.30601990911561927;0.0;0.07271568861483989;0.42952027027699247;0.9937133151741422;-0.15550679011653476;0.0;-0.3204875050926935;-1.0906105360204021;0.0;0.0;0.0;0.0;0.0;0.0;0.0;0.0;0.0;0.0;-0.43840367795253465;-0.3023709924605436;0.0;-0.15924980512807152;0.11531871232710822;0.0;0.029094041418330694;-0.031947532381610876;0.0;0.0;0.0;-0.0012238626701502739;-0.0004291399991750817;-0.0022278538742562665;-0.005171437308955675;-0.00019237607508899193;0.2633812265989825;0.24298338876471315;-0.015633591950319933;0.0;0.0;-0.5859694320637919;-0.22328454378266105;-0.2612904343757438;-0.20608405467776794;-0.08411717198655573;0.0020866518855130523;0.0023160030951165076;-0.21152278620456755;0.0;-0.3182791258931458;0.0;-0.13754763629153471;-0.05649134919995004;0.0;-0.3678579159929314;-0.5371599243715781;-1.7185731546488328;-0.6288670829050587;-0.1362075722553858;0.024320384445270862;-0.6024065895743619;0.04418542327801714;0.06352801747096827;0.6424662072760671;0.0;0.0;0.029579161213112236;-0.5279024994280167;-0.5715381560530033;0.348544062964025;-0.21707676865135192;0.0;0.0;0.0;0.0;0.0;0.0;0.0;0.0;0.0;0.0;0.0;0.0;0.0;0.0;0.0;0.0;0.0;0.0;-0.11715709941929199;0.0;-1.7605498990805213;-0.09335023346222589;-0.28046535044518994;0.2860448518272133;0.052197111674915184;0.0;0.0;0.0;0.0;-0.0761823237612164;-0.018622583804467283;-0.9283430259735097;-1.1568247793086788;0.0;0.0;0.0;0.0;0.0;0.0;0.0;0.8063252945427306;0.0;0.12179233078651744;0.43285337696848186;0.05015293594458767;-0.06158157929765021;0.0;0.0;0.0;0.21273785348733243;0.027805034444668683;0.4200985833552266;0.3497035642243696;0.0;0.00764540189557622;0.0;0.029219561363178485;-0.004605066143761579;0.0;0.0;0.0;0.0;0.0;0.0;0.0;0.0;0.0;0.0;-0.016632378793633933;0.24112117245486456;0.2504713364169122;-0.980939628601559;-1.53481659033666;0.0;-0.7391769830129041;-1.0820245652029878;-3.50412329946182;-0.038078059221620976;0.03483600433448225;-0.042507998809334535;-0.03724928653006881;-0.04860455566307195;-0.11991790167206183;-0.8458858354594592;-3.067295959800886;-0.30892778346673433;-0.055066128609564544;0.0;0.0;0.0;0.3471922329265153;0.0714506343579651;0.11321225542332601;-1.4828312022587096;0.0;-0.47764883249054707;-0.27344696218630427;-0.6019650586442811;0.052629151877661005;0.0;0.72854754424688;-0.029152518276033948;1.3822524686662911;-0.11145978459547663;0.0;0.0;0.0;0.0;0.0;0.0;-0.009563337718165633;0.0;-0.007272680674761855;-0.41543155765097717;-0.0991264383261433;-0.38282127564737634;-0.2685314751929982;-0.09581596883463815;0.0;0.0;0.0;0.0;0.0;0.0;0.0;0.0;0.0;0.0;0.0;0.0;0.0;0.0;0.0;0.0;0.18930234607172491;0.937015298126784;0.7433415745202577;0.46054088392039627;0.0;0.0
no matter how much it hurts me to say this , the movie is not as good as it could have been maybe i was misled by the countless exaggerated reviews here on imdb , but i expected so much more br br sure , the idea is a good one , the violent scenes and the camera work are outstanding , the imagination of genius dario is breathtaking , but the movie is soiled by a couple of mistakes that i find unforgivable first of all , am i one of the few people who feel that the heavy metal music played in the most intense scenes simply rips the atmosphere apart \? \? \? with a different kind of music \( goblin \? \? \? \? \) during the needle scenes , it would have been soooo intense ! instead , the soundtrack destroys any chance for tension secondly , the final killing scene and the last few moments of the movie are simply silly and uninspired i do n't want to say amateurish , cause i love argento 's movies the ending left me feeling empty talk about a final impression ! this is hardly what happens in most of dario 's films ! though , admittedly , suspiria also suffers from a rushed finale \( even if most of it is brilliant \) br br in short , watch this movie , try to make the most of its good points , but be prepared for some bad ones as well this is not a perfect movie by any means;score pos:;-2.6363878;score neg: ;0.8880494;actual class:;neg
Words:;no;matter;how;much;it;hurts;me;to;say;this;,;the;movie;is;not;as;good;as;it;could;have;been;maybe;i;was;misled;by;the;countless;exaggerated;reviews;here;on;imdb;,;but;i;expected;so;much;more;br;br;sure;,;the;idea;is;a;good;one;,;the;violent;scenes;and;the;camera;work;are;outstanding;,;the;imagination;of;genius;dario;is;breathtaking;,;but;the;movie;is;soiled;by;a;couple;of;mistakes;that;i;find;unforgivable;first;of;all;,;am;i;one;of;the;few;people;who;feel;that;the;heavy;metal;music;played;in;the;most;intense;scenes;simply;rips;the;atmosphere;apart;\?;\?;\?;with;a;different;kind;of;music;\(;goblin;\?;\?;\?;\?;\);during;the;needle;scenes;,;it;would;have;been;soooo;intense;!;instead;,;the;soundtrack;destroys;any;chance;for;tension;secondly;,;the;final;killing;scene;and;the;last;few;moments;of;the;movie;are;simply;silly;and;uninspired;i;do;n't;want;to;say;amateurish;,;cause;i;love;argento;'s;movies;the;ending;left;me;feeling;empty;talk;about;a;final;impression;!;this;is;hardly;what;happens;in;most;of;dario;'s;films;!;though;,;admittedly;,;suspiria;also;suffers;from;a;rushed;finale;\(;even;if;most;of;it;is;brilliant;\);br;br;in;short;,;watch;this;movie;,;try;to;make;the;most;of;its;good;points;,;but;be;prepared;for;some;bad;ones;as;well;this;is;not;a;perfect;movie;by;any;means;;;;;;;;;;;;;;;;;;;;;;;;;;;;;;;;;;;;;;;;;;;;;;;;;;;;;;;;;;;;;;;;;;;;;;;;;;;;;;;;;;;;;;;;;;;;;;;;;;;;;;;;;;;;;;;;;;;;;;;;;;;;;;;;;;;;;;;;;;;;;;;;;;;;;;;;;;;;;;;;;;;;;;;;;;;;;;;;;;;;;;;;;;;;;;;;;;;;;;;;;;;;;;;;;;;;;;;;;;;;;;;;;;;;;;;;;;;;;;;;;;;;;;;;;;;;;;;;;;;;;;;;;;;;;;;;;;;;;;;;;;;;;;;;;;;;;;;;;;
pos:;0.0;0.0;0.02447162225786303;-0.11360664309257305;-0.05365556265736632;-0.2094453084824804;0.0;0.0;0.0;0.0;0.0;0.0;0.0;0.0;0.0;0.0;0.0;0.0;-0.05955384455627645;-0.778745000915033;-0.3768998170653546;-0.5410349338457887;0.14965428498412056;-0.7540117542513252;-0.14687088793047884;-1.5463283620122863;-0.09629691955928828;0.07743902768751891;0.15133826239291856;-0.5507369907543345;0.15764112145761547;0.2037011419776311;-0.08539595389004433;-0.4489210015384062;0.0;0.0;-0.015143521639622697;0.32607552952125457;0.23621222939219114;0.013952072821639948;0.02134468393196973;0.00259126630668284;-0.0980155909688859;0.002108191138114473;0.0;0.041840928789409766;-0.3737918485275291;1.589588027641587;0.0;1.1058907304517391;-0.08695053318129976;0.0;0.0;0.0;0.0;0.0;0.0;0.0077161119377000716;-0.023320840427849612;0.03372773783456552;1.4843630473292604;0.0;-0.02910763889511098;0.4776676680066271;0.0;1.4296273509571134;0.0;1.0150553786705308;3.7160308049026938;0.0;0.03384112422591941;-0.016758088567633812;-0.43734433922782495;-0.09209431531966232;-1.062902181276211;-0.07854179652713689;0.0;0.1239240429985466;0.0;0.3468107718331965;-0.046327310656154606;-0.005785546688864435;-0.11395529819034872;-0.6191432287017306;0.050858954151731924;0.0;0.0;0.0;0.0;0.0;0.0;0.0;0.0;0.0;0.0;0.0;0.0;0.0;-0.0034452766240790134;0.4585732363865897;0.5208736936388086;-0.10176473279144496;0.6788898644942601;0.14986948455628327;0.07660021018463528;0.09904735070084124;-0.10073773317963618;-0.006155432356539554;-0.2517156328366504;-2.699354356731133;0.12548288438268312;0.6467354070942916;-0.258467303938337;0.0;0.0;0.0;0.0;0.0;0.0;0.0;0.0;0.0;0.0;0.42369267435996816;0.0;0.0;0.0;0.0;0.0;0.014140226208984264;0.517136519895471;-0.881683675975792;-1.3145081111054768;0.0;0.5868180352596813;-0.5345082827991411;-0.3896750766045953;-0.020968626275938755;-0.04963920562028359;0.0;0.0;0.0;0.0;0.03860667349804784;0.4220259197426505;1.0693233606784374;-0.1735179431678241;-0.1393074370200817;-0.03259189533008259;0.0;0.0;0.0;0.0;0.0;0.0;0.0;0.0;0.0;-0.27222839251698633;-0.10057020086753493;0.031142493409975748;0.0;0.1475006811698582;-0.6154646664372156;-0.4873837583781899;-0.6503999189786894;-2.21754878323753;0.0;-12.225508263735707;-0.6760854073117646;0.0033182731341822105;-0.1583722301680706;-0.09782047825565694;0.0;0.0;-1.4991681898603237;0.0;-0.5117079076718456;0.18089207515837713;0.4733611709644819;0.0;0.0;0.0;0.0;0.0;-0.15609426661564818;-0.15943546819150234;0.0978623102960097;-0.4947319350643125;0.0;0.0;0.0;0.0;0.0;0.0;-0.0062673852792937265;-0.274600693593747;-0.4396562856222762;-0.043020222455917696;0.0;0.0;0.0;0.0;0.0;0.0;0.336430376904627;0.0;0.0;0.0;0.0;0.0;0.0;0.0;0.0;0.0;0.0;-0.0014423220513552866;0.16344447153853836;0.0;0.0;0.0;0.2597106241516186;0.0;0.45516771060027883;0.5068841695171573;2.081394089797868;0.0;0.6231575310722315;1.4758142171822426;-0.005683186996874478;0.0;0.0;0.059962579427511584;0.12418493274147722;0.10719093048562757;0.0;0.0;0.0;0.0;0.17245271647022417;1.4073859196170035;0.0;0.6040372864493961;1.0799051760044232;0.101065550279007;0.0;0.0;0.0;0.0;0.0;0.0;0.0;0.0;0.0;0.0;0.0;0.0;0.0;0.0;0.0;0.0;0.0;0.0;0.0;0.0;0.0;0.0;0.0;0.0;0.0;0.0;0.0;0.0;0.0;0.0;0.0;0.0;0.0;0.0;0.0;0.0;0.0;0.0;0.0;0.0;0.0;0.0;0.0;0.0;0.0;0.0;0.0;0.0;0.0;0.0;0.0;0.0;0.0;0.0;0.0
neg:;0.0;0.0;0.14182844110344292;-0.4400129729084453;-0.14201235067832665;-0.129230421122543;0.0;0.0;0.0;0.0;0.0;0.0;0.0;0.0;0.0;0.0;0.0;0.0;0.05551136691314261;0.42401501122929464;0.0010957522739674062;0.12984187413246207;0.08733450598191857;0.3380757065770089;-0.07828183368975226;1.012597580811097;0.4579035365186812;-0.19229167467520542;0.22059024962806978;1.0603168606290596;-0.24994536058774502;-0.24476789451556158;-0.008927215174443844;0.19285733073814212;0.0;0.0;0.010618938872463561;-0.22865065327556586;-0.1656367180987185;-0.35478015171555494;-0.5427630933777398;-0.06589199075813643;-0.12097727096848418;-0.41381745686621707;0.0;-0.05967196330692031;0.6705818949963708;-0.006896470210697539;0.0;0.013790924942257322;-0.00018998489534865348;0.0;0.0;0.0;0.0;0.0;0.0;-0.06318836904793315;0.19097777266074248;-0.4447348365223498;-3.0023604510634523;0.0;0.03164011225515391;-0.5492652041900274;0.0;-1.9652969833029628;0.0;-0.4666491882201067;-3.037234561985781;0.0;-0.24480922464326346;0.12122926653847341;-0.10546506161345638;0.1904850617623218;1.5272673984001623;0.1257274778441061;0.0;-0.08351360666823263;0.0;-0.23371912089346025;0.14305809492959365;0.19832793049171205;0.5331633505283747;3.199131052700681;-0.15705174740359645;0.0;0.0;0.0;0.0;0.0;0.0;0.0;0.0;0.0;0.0;0.0;0.0;0.0;0.00030813053391465884;-0.08685970918174371;-0.015318885048377624;-0.015916332657919495;-0.23597780432925577;-0.17439642397935712;-0.014913643470511231;-0.17432071172180214;-0.03743779900390268;-0.19678610730328278;-0.03277076214740478;-0.4589971366291324;0.08727129601284989;-1.5993669645623965;-0.4281000322525252;0.0;0.0;0.0;0.0;0.0;0.0;0.0;0.0;0.0;0.0;-0.6236763721430557;0.0;0.0;0.0;0.0;0.0;-0.023861074640102425;-0.2559363641172621;-0.2022114103223074;-0.37317763364894685;0.0;-0.22225005778924922;0.35526074560529636;0.38331590021510925;0.18393903751570528;0.4354404329918546;0.0;0.0;0.0;0.0;-0.005999716467250499;-0.06558544497273378;-0.16617948128067744;0.33093770877705503;0.265690586122499;0.06216006810781044;0.0;0.0;0.0;0.0;0.0;0.0;0.0;0.0;0.0;0.10477047417513678;0.334466857064513;0.5832291737032802;0.0;0.045985717296622604;0.5707463791476048;0.38235396390308235;0.6765029511559791;1.9213503164442909;0.0;9.566280646315555;0.8268407805715517;-0.03664923281633681;0.11366295879577629;0.08264041323093099;0.0;0.0;1.4067622357582077;0.0;0.48016717878643644;-0.1245412269052439;-0.32590140253299776;0.0;0.0;0.0;0.0;0.0;0.07783619745758423;0.07950228315850326;-0.04879891025473435;0.24669741830465264;0.0;0.0;0.0;0.0;0.0;0.0;0.005259301457458988;0.3416536704277579;0.5782339663671577;0.09383024499319204;0.0;0.0;0.0;0.0;0.0;0.0;-0.0853724603943757;0.0;0.0;0.0;0.0;0.0;0.0;0.0;0.0;0.0;0.0;0.15590040128834626;-0.10091691941536525;0.0;0.0;0.0;-0.1760640706916775;0.0;-0.31595843484177094;-0.5253334826183798;-3.732449472951785;0.0;0.14118604040938817;-0.41208816011490096;2.8003499867618654e-05;0.0;0.0;-0.2550805266603907;-0.5282821111002327;-0.4559897066226979;0.0;0.0;0.0;0.0;-0.24495061143361485;-0.9550244578889099;0.0;-0.6311247777754109;-1.2997461507763055;-0.7483490416740551;0.0;0.0;0.0;0.0;0.0;0.0;0.0;0.0;0.0;0.0;0.0;0.0;0.0;0.0;0.0;0.0;0.0;0.0;0.0;0.0;0.0;0.0;0.0;0.0;0.0;0.0;0.0;0.0;0.0;0.0;0.0;0.0;0.0;0.0;0.0;0.0;0.0;0.0;0.0;0.0;0.0;0.0;0.0;0.0;0.0;0.0;0.0;0.0;0.0;0.0;0.0;0.0;0.0;0.0;0.0
